{"stats":{"minecraft:crafted":{"minecraft:cooked_mutton":8,"minecraft:crafting_table":2,"minecraft:spruce_planks":14,"minecraft:wooden_pickaxe":1,"minecraft:stick":8,"usefulslime:slime_boots":1,"minecraft:stone_pickaxe":1,"minecraft:cooked_beef":4,"minecraft:bread":5,"minecraft:air":71,"minecraft:wooden_axe":1,"minecraft:torch":2},"minecraft:killed":{"minecraft:cave_spider":1,"born_in_chaos_v1:zombie_lumberjack":1,"born_in_chaos_v1:restless_spirit":1,"minecraft:spider":4,"alexsmobs:enderiophage":1,"minecraft:shulker":1,"born_in_chaos_v1:baby_skeleton_minion":1,"minecraft:skeleton":16,"realmrpg_demons:chort":1,"unusualend:endstone_golem":1,"alexsmobs:skelewag":1,"irons_spellbooks:summoned_skeleton":1,"cataclysm:ender_golem":2,"enemyexpansion:vampflyer":1,"born_in_chaos_v1:bonescaller":1,"minecraft:pig":2,"unusualend:undead_enderling":2,"minecraft:creeper":3,"minecraft:sheep":4,"minecraft:pillager":4,"minecraft:zombie":33,"born_in_chaos_v1:corpse_fly":7,"enemyexpansion:botfly":2,"minecraft:stray":7,"alexsmobs:fly":1,"iceandfire:pixie":1,"minecraft:cow":2,"alexsmobs:mimicube":1,"alexsmobs:tasmanian_devil":1,"alexsmobs:seagull":2,"enemyexpansion:direwolf":3,"born_in_chaos_v1:zombie_bruiser":1,"born_in_chaos_v1:maggot":7,"iceandfire:fire_dragon":1,"born_in_chaos_v1:barrel_zombie":1,"unusualend:dragling":19,"minecraft:bat":5,"enemyexpansion:sprinter":1,"born_in_chaos_v1:decrepit_skeleton":1,"born_in_chaos_v1:phantom_creeper_copy":4,"born_in_chaos_v1:decaying_zombie":1,"enemyexpansion:huntsman":1,"born_in_chaos_v1:nightmare_stalker":1,"minecraft:enderman":2,"enemyexpansion:slugger":1},"minecraft:used":{"minecraft:iron_shovel":2,"minecraft:shield":51,"minecraft:iron_sword":46,"minecraft:rotten_flesh":2,"minecraft:snowball":47,"minecraft:obsidian":3,"cataclysm:infernal_forge":24,"born_in_chaos_v1:smoked_flesh":14,"minecraft:bow":52,"minecraft:sweet_berries":9,"minecraft:diamond_boots":2,"minecraft:stone_pickaxe":7,"minecraft:ender_pearl":1,"minecraft:wooden_pickaxe":9,"minecraft:golden_apple":24,"mcdw:sword_mechanized_sawblade":18,"minecraft:end_stone":6,"minecraft:bread":30,"cataclysm:ignitium_helmet":1,"minecraft:golden_helmet":1,"cataclysm:ignitium_elytra_chestplate":1,"minecraft:cobweb":6,"minecraft:flint_and_steel":8,"minecraft:spruce_planks":54,"minecraft:torch":26,"minecraft:dirt":2,"minecraft:chainmail_chestplate":1,"minecraft:diamond_helmet":1,"minecraft:wooden_axe":23,"minecraft:iron_axe":341,"cataclysm:ignitium_leggings":1,"morevanillaarmor:copper_boots":1,"cataclysm:cursed_bow":9,"minecraft:diamond_chestplate":1,"minecraft:cooked_beef":15,"minecraft:enchanted_golden_apple":11,"minecraft:iron_leggings":1,"minecraft:wheat_seeds":14,"minecraft:cooked_mutton":9,"cataclysm:ignitium_boots":1,"minecraft:water_bucket":20,"minecraft:baked_potato":2,"spartanshields:ultimate_mekanists_basic_shield":8,"minecraft:leather_boots":1,"minecraft:stripped_dark_oak_log":1,"minecraft:crafting_table":2,"minecraft:iron_pickaxe":215,"iceandfire:dragonsteel_ice_sword":95,"minecraft:cobblestone":6,"minecraft:potion":1,"minecraft:cooked_porkchop":1,"minecraft:turtle_helmet":1,"minecraft:bucket":20,"alexsmobs:animal_dictionary":1,"alexscaves:nuclear_bomb":7,"minecraft:diamond_leggings":2},"minecraft:picked_up":{"minecraft:wooden_axe":1,"irons_spellbooks:scroll":3,"unusualend:ancient_shard":4,"biomeswevegone:rose":2,"minecraft:wheat":14,"irons_spellbooks:affinity_ring":2,"minecraft:enchanted_book":1,"minecraft:stone_brick_stairs":1,"minecraft:string":1,"minecraft:iron_leggings":1,"minecraft:spruce_planks":48,"minecraft:iron_pickaxe":3,"minecraft:coal_block":29,"minecraft:iron_boots":1,"minecraft:golden_helmet":1,"apotheosis:gem":2,"born_in_chaos_v1:shattered_skull":1,"born_in_chaos_v1:phantom_powder":5,"minecraft:torch":15,"minecraft:porkchop":3,"minecraft:golden_chestplate":2,"cataclysm:polished_end_stone_stairs":1,"galosphere:pink_salt":1,"minecraft:quartz_block":7,"minecraft:rotten_flesh":43,"iceandfire:fire_dragon_heart":1,"minecraft:blaze_rod":3,"minecraft:iron_bars":3,"minecraft:snowball":4,"minecraft:cobblestone":51,"minecraft:cooked_beef":4,"minecraft:feather":4,"minecraft:lilac":1,"born_in_chaos_v1:spiritual_dust":1,"paraglider:spirit_orb":46,"minecraft:tuff":2,"biomeswevegone:shelf_fungi":3,"minecraft:dirt":18,"minecraft:bone":9,"minecraft:bow":2,"minecraft:wheat_seeds":41,"biomeswevegone:white_anemone":1,"minecraft:mossy_stone_bricks":4,"twigs:twig":2,"irons_spellbooks:fireward_ring":2,"minecraft:cooked_porkchop":1,"iceandfire:dragon_skull_fire":1,"simplyswords:iron_greathammer":1,"minecraft:mossy_cobblestone":4,"galosphere:silver_nugget":5,"minecraft:diamond":5,"minecraft:slime_block":2,"minecraft:golden_apple":1,"minecraft:bread":8,"minecraft:chainmail_helmet":2,"minecraft:emerald":3,"born_in_chaos_v1:rotten_fish":1,"irons_spellbooks:uncommon_ink":2,"minecraft:dark_oak_fence":5,"minecraft:andesite_slab":2,"minecraft:end_stone_bricks":3,"galosphere:pink_salt_straw":3,"minecraft:crafting_table":1,"minecraft:coarse_dirt":7,"minecraft:end_stone_brick_stairs":4,"biomeswevegone:leaf_pile":1,"minecraft:shield":4,"minecraft:iron_axe":1,"minecraft:beef":4,"minecraft:sugar_cane":4,"iceandfire:ice_dragon_heart":1,"morevanillaarmor:copper_boots":1,"minecraft:end_stone":66,"iceandfire:dragonbone":21,"iceandfire:dragonscales_gray":29,"biomeswevegone:blue_rose_bush":1,"unusualend:golem_orb":1,"minecraft:stone_pressure_plate":1,"minecraft:arrow":61,"minecraft:diamond_chestplate":1,"minecraft:diamond_boots":1,"minecraft:pink_tulip":1,"minecraft:mutton":8,"minecraft:skeleton_skull":1,"minecraft:white_wool":6,"born_in_chaos_v1:corpse_maggot":7,"minecraft:leather":4,"minecraft:packed_mud":1,"minecraft:oak_log":1,"minecraft:chainmail_chestplate":1,"minecraft:gunpowder":2,"iceandfire:dragonscales_blue":11,"minecraft:cooked_mutton":1,"irons_spellbooks:common_ink":2,"minecraft:stone_bricks":5,"minecraft:kelp":3,"cataclysm:void_core":1,"minecraft:iron_ingot":5,"born_in_chaos_v1:smoked_flesh":8,"artifacts:kitty_slippers":1,"minecraft:glass_bottle":1,"iceandfire:fire_dragon_flesh":1,"usefulslime:slime_sling":1,"minecraft:pumpkin":7,"minecraft:sweet_berries":8,"iceandfire:ash":1,"minecraft:spruce_sapling":1,"minecraft:spruce_log":17,"minecraft:spider_eye":3,"biomeswevegone:aspen_log":8,"usefulslime:slime_boots":1,"minecraft:slime_ball":20,"minecraft:chainmail_leggings":1,"minecraft:mossy_cobblestone_stairs":1,"iceandfire:ice_dragon_flesh":1,"minecraft:coal":3,"minecraft:stripped_dark_oak_log":1},"minecraft:broken":{"minecraft:golden_helmet":1,"minecraft:diamond_chestplate":1,"minecraft:shield":1,"minecraft:iron_axe":1,"morevanillaarmor:copper_boots":1},"minecraft:custom":{"minecraft:interact_with_crafting_table":14,"minecraft:open_barrel":31,"minecraft:time_since_death":493,"minecraft:damage_resisted":1453,"minecraft:sprint_one_cm":726826,"minecraft:damage_blocked_by_shield":5541,"minecraft:drop":142,"minecraft:play_time":230935,"minecraft:deaths":26,"minecraft:jump":4233,"minecraft:interact_with_brewingstand":3,"minecraft:walk_on_water_one_cm":24552,"minecraft:interact_with_furnace":5,"minecraft:waystone_activated":1,"minecraft:open_enderchest":1,"minecraft:damage_dealt":37972,"minecraft:crouch_one_cm":2309,"minecraft:interact_with_smoker":7,"minecraft:mob_kills":158,"minecraft:damage_dealt_resisted":304,"minecraft:climb_one_cm":9330,"minecraft:walk_one_cm":847128,"minecraft:sneak_time":734,"minecraft:walk_under_water_one_cm":11161,"minecraft:boat_one_cm":119551,"minecraft:total_world_time":230935,"minecraft:time_since_rest":523,"minecraft:damage_taken":22299,"minecraft:damage_absorbed":5765,"minecraft:swim_one_cm":36210,"minecraft:fly_one_cm":1218889,"minecraft:open_chest":126,"minecraft:aviate_one_cm":183684,"minecraft:fall_one_cm":119913},"minecraft:killed_by":{"cataclysm:ender_guardian":4,"minecraft:ravager":5,"enemyexpansion:huntsman":2,"minecraft:vindicator":1,"minecraft:zombie":1,"cataclysm:maledictus":4,"iceandfire:fire_dragon":2,"minecraft:vex":1,"minecraft:iron_golem":1,"cataclysm:netherite_monstrosity":1,"irons_spellbooks:archevoker":1},"minecraft:dropped":{"minecraft:candle":2,"biomeswevegone:leaf_pile":1,"minecraft:cooked_beef":5,"minecraft:oak_log":1,"minecraft:glass_bottle":2,"minecraft:diamond":7,"irons_spellbooks:fireward_ring":2,"minecraft:crossbow":1,"minecraft:leather":4,"minecraft:honeycomb":1,"minecraft:emerald":3,"minecraft:dirt":15,"minecraft:dark_oak_fence":5,"usefulslime:slime_boots":2,"biomeswevegone:aspen_log":6,"minecraft:snowball":4,"minecraft:gold_nugget":7,"iceandfire:ash":1,"minecraft:sugar":2,"minecraft:iron_pickaxe":3,"minecraft:white_wool":6,"twigs:twig":1,"minecraft:bone":2,"minecraft:sugar_cane":4,"minecraft:golden_chestplate":2,"alexsmobs:animal_dictionary":1,"minecraft:andesite_slab":2,"minecraft:rotten_flesh":33,"patchouli:guide_book":3,"minecraft:chainmail_chestplate":3,"minecraft:gunpowder":1,"minecraft:skeleton_skull":1,"born_in_chaos_v1:corpse_maggot":7,"apotheosis:gem":4,"minecraft:arrow":37,"minecraft:ghast_tear":1,"biomeswevegone:shelf_fungi":3,"minecraft:enchanted_book":2,"minecraft:iron_ingot":39,"minecraft:bread":31,"born_in_chaos_v1:shattered_skull":1,"minecraft:wheat_seeds":26,"minecraft:golden_helmet":1,"minecraft:lilac":1,"minecraft:mossy_cobblestone":4,"minecraft:diamond_leggings":1,"minecraft:feather":4,"minecraft:cobblestone":1,"minecraft:chainmail_helmet":1,"minecraft:coal":1,"minecraft:cobweb":9,"irons_spellbooks:scroll":7,"irons_spellbooks:affinity_ring":2,"minecraft:wooden_axe":2,"minecraft:diamond_helmet":1,"minecraft:iron_leggings":2,"minecraft:pumpkin":7,"irons_spellbooks:common_ink":3,"biomeswevegone:rose":1,"biomeswevegone:white_anemone":1,"minecraft:mossy_cobblestone_stairs":1,"minecraft:string":7,"iceandfire:dragonbone":10,"minecraft:pink_tulip":1,"iceandfire:dragonscales_gray":29,"minecraft:kelp":3,"artifacts:kitty_slippers":1,"minecraft:coarse_dirt":2,"minecraft:tuff":2,"irons_spellbooks:uncommon_ink":2,"born_in_chaos_v1:rotten_fish":1,"minecraft:iron_boots":1,"born_in_chaos_v1:spiritual_dust":1,"galosphere:silver_nugget":5,"minecraft:shield":2,"minecraft:diamond_chestplate":1,"minecraft:spruce_planks":32,"minecraft:mossy_stone_bricks":4,"minecraft:stone_bricks":5,"minecraft:diamond_boots":1,"minecraft:slime_ball":9,"iceandfire:fire_dragon_heart":1,"minecraft:bow":1,"minecraft:stone_pickaxe":1,"minecraft:wooden_pickaxe":1,"simplyswords:iron_greathammer":1},"minecraft:mined":{"minecraft:spruce_planks":35,"minecraft:grass_block":2,"twigs:twig":1,"minecraft:coal_block":29,"minecraft:spawner":21,"galosphere:pink_salt":2,"minecraft:fire":2,"galosphere:pink_salt_straw":2,"minecraft:pumpkin":7,"biomeswevegone:prairie_grass":27,"minecraft:iron_bars":7,"minecraft:end_stone_bricks":3,"minecraft:quartz_block":17,"biomeswevegone:tall_prairie_grass":20,"minecraft:cobblestone":1,"minecraft:sugar_cane":2,"minecraft:oak_planks":1,"minecraft:iron_door":1,"minecraft:wheat":14,"biomeswevegone:blueberry_bush":2,"minecraft:stone_brick_stairs":1,"minecraft:grass":32,"minecraft:oak_log":1,"minecraft:netherrack":1,"minecraft:oak_leaves":2,"biomeswevegone:white_anemone":1,"minecraft:mossy_cobblestone":5,"minecraft:end_stone":66,"minecraft:nether_bricks":1,"minecraft:dark_oak_fence":8,"minecraft:spruce_leaves":1,"minecraft:mossy_stone_brick_stairs":1,"minecraft:vine":11,"minecraft:stone":37,"unusualend:infested_end_stone":1,"biomeswevegone:leaf_pile":1,"minecraft:crafting_table":1,"minecraft:andesite_slab":2,"minecraft:tall_grass":13,"minecraft:spruce_log":14,"minecraft:coal_ore":4,"unusualend:polished_purpur_tiles":1,"minecraft:gravel":1,"minecraft:stone_bricks":8,"minecraft:mossy_stone_bricks":2}},"DataVersion":3465}