{"stats":{"minecraft:used":{"minecraft:wheat_seeds":14,"minecraft:water_bucket":13,"minecraft:stone_pickaxe":7,"minecraft:baked_potato":2,"minecraft:spruce_planks":19,"minecraft:wooden_pickaxe":9,"minecraft:shield":16,"minecraft:leather_boots":1,"minecraft:torch":6,"minecraft:dirt":2,"minecraft:crafting_table":1,"born_in_chaos_v1:smoked_flesh":5,"minecraft:wooden_axe":23,"minecraft:iron_axe":86,"minecraft:bread":10,"minecraft:iron_pickaxe":22,"morevanillaarmor:copper_boots":1,"minecraft:cobblestone":6,"minecraft:sweet_berries":9,"minecraft:cooked_porkchop":1,"minecraft:bucket":13,"alexsmobs:animal_dictionary":1,"minecraft:cobweb":6},"minecraft:killed_by":{"minecraft:zombie":1,"enemyexpansion:huntsman":2},"minecraft:dropped":{"minecraft:kelp":3,"minecraft:candle":2,"minecraft:sugar_cane":4,"minecraft:wheat_seeds":26,"minecraft:oak_log":1,"alexsmobs:animal_dictionary":1,"minecraft:andesite_slab":2,"minecraft:feather":3,"minecraft:rotten_flesh":1,"minecraft:honeycomb":1,"born_in_chaos_v1:spiritual_dust":1,"patchouli:guide_book":3,"minecraft:coal":1,"minecraft:cobweb":9,"minecraft:wooden_axe":2,"born_in_chaos_v1:corpse_maggot":3,"apotheosis:gem":1,"minecraft:gold_nugget":7,"minecraft:pumpkin":7,"minecraft:arrow":5,"minecraft:wooden_pickaxe":1,"minecraft:stone_pickaxe":1,"minecraft:sugar":2,"minecraft:string":6,"twigs:twig":1},"minecraft:mined":{"minecraft:spruce_planks":8,"minecraft:crafting_table":1,"minecraft:grass_block":2,"biomeswevegone:tall_prairie_grass":20,"minecraft:andesite_slab":2,"twigs:twig":1,"minecraft:tall_grass":13,"minecraft:spruce_leaves":1,"minecraft:oak_planks":1,"minecraft:sugar_cane":2,"galosphere:pink_salt":2,"minecraft:wheat":14,"galosphere:pink_salt_straw":2,"minecraft:spruce_log":14,"minecraft:pumpkin":7,"minecraft:grass":32,"minecraft:oak_log":1,"minecraft:coal_ore":4,"biomeswevegone:prairie_grass":27,"minecraft:stone":23,"minecraft:oak_leaves":2},"minecraft:picked_up":{"minecraft:wooden_axe":1,"born_in_chaos_v1:corpse_maggot":3,"galosphere:pink_salt_straw":3,"minecraft:crafting_table":1,"minecraft:wheat":14,"minecraft:feather":3,"born_in_chaos_v1:spiritual_dust":1,"minecraft:oak_log":1,"minecraft:shield":1,"minecraft:gunpowder":1,"minecraft:dirt":2,"minecraft:iron_axe":1,"irons_spellbooks:common_ink":2,"minecraft:bone":2,"minecraft:kelp":3,"minecraft:wheat_seeds":40,"minecraft:spruce_planks":8,"born_in_chaos_v1:smoked_flesh":8,"minecraft:iron_pickaxe":1,"twigs:twig":1,"minecraft:sugar_cane":4,"morevanillaarmor:copper_boots":1,"apotheosis:gem":1,"minecraft:cooked_porkchop":1,"minecraft:pumpkin":7,"minecraft:sweet_berries":8,"minecraft:porkchop":3,"minecraft:spruce_log":14,"minecraft:spider_eye":1,"galosphere:pink_salt":1,"minecraft:arrow":5,"minecraft:rotten_flesh":1,"minecraft:chainmail_leggings":1,"minecraft:bread":8,"minecraft:chainmail_helmet":1,"minecraft:blaze_rod":3,"irons_spellbooks:uncommon_ink":2,"minecraft:coal":3,"minecraft:andesite_slab":2,"minecraft:cobblestone":9,"irons_spellbooks:scroll":3},"minecraft:crafted":{"minecraft:crafting_table":1,"minecraft:spruce_planks":14,"minecraft:wooden_pickaxe":1,"minecraft:bread":5,"minecraft:air":71,"minecraft:stick":8,"minecraft:stone_pickaxe":1,"minecraft:wooden_axe":1,"minecraft:torch":2},"minecraft:custom":{"minecraft:interact_with_furnace":5,"minecraft:mob_kills":36,"minecraft:interact_with_crafting_table":13,"minecraft:open_barrel":11,"minecraft:damage_dealt_resisted":90,"minecraft:time_since_death":4804,"minecraft:climb_one_cm":352,"minecraft:time_since_rest":4840,"minecraft:sprint_one_cm":192886,"minecraft:walk_one_cm":295285,"minecraft:damage_taken":1718,"minecraft:damage_absorbed":619,"minecraft:damage_blocked_by_shield":1110,"minecraft:drop":29,"minecraft:damage_dealt":5935,"minecraft:swim_one_cm":18487,"minecraft:fly_one_cm":161642,"minecraft:open_chest":18,"minecraft:crouch_one_cm":119,"minecraft:play_time":75246,"minecraft:deaths":3,"minecraft:sneak_time":65,"minecraft:walk_under_water_one_cm":6856,"minecraft:boat_one_cm":119551,"minecraft:jump":1220,"minecraft:interact_with_brewingstand":1,"minecraft:walk_on_water_one_cm":13442,"minecraft:total_world_time":75246,"minecraft:fall_one_cm":29110},"minecraft:killed":{"born_in_chaos_v1:barrel_zombie":1,"born_in_chaos_v1:bonescaller":1,"minecraft:pig":2,"born_in_chaos_v1:zombie_lumberjack":1,"minecraft:spider":1,"minecraft:bat":1,"enemyexpansion:sprinter":1,"alexsmobs:tasmanian_devil":1,"alexsmobs:seagull":2,"enemyexpansion:direwolf":3,"minecraft:creeper":1,"born_in_chaos_v1:baby_skeleton_minion":1,"born_in_chaos_v1:maggot":5,"minecraft:skeleton":4,"minecraft:zombie":6,"realmrpg_demons:chort":1,"alexsmobs:fly":1,"alexsmobs:skelewag":1,"enemyexpansion:vampflyer":1,"enemyexpansion:slugger":1}},"DataVersion":3465}