{"stats":{"minecraft:crafted":{"minecraft:stone_pickaxe":1,"minecraft:crafting_table":1,"minecraft:spruce_planks":14,"minecraft:wooden_pickaxe":1,"minecraft:air":71,"minecraft:bread":5,"minecraft:stick":8,"minecraft:wooden_axe":1,"minecraft:torch":2},"minecraft:killed":{"minecraft:cave_spider":1,"born_in_chaos_v1:zombie_lumberjack":1,"minecraft:spider":4,"alexsmobs:tasmanian_devil":1,"alexsmobs:seagull":2,"enemyexpansion:direwolf":3,"born_in_chaos_v1:baby_skeleton_minion":1,"born_in_chaos_v1:maggot":5,"minecraft:skeleton":14,"realmrpg_demons:chort":1,"alexsmobs:skelewag":1,"enemyexpansion:vampflyer":1,"born_in_chaos_v1:barrel_zombie":1,"born_in_chaos_v1:bonescaller":1,"minecraft:pig":2,"minecraft:bat":5,"enemyexpansion:sprinter":1,"minecraft:creeper":2,"minecraft:zombie":31,"born_in_chaos_v1:corpse_fly":6,"enemyexpansion:huntsman":1,"minecraft:stray":7,"alexsmobs:fly":1,"enemyexpansion:slugger":1},"minecraft:used":{"minecraft:iron_shovel":2,"minecraft:spruce_planks":23,"minecraft:shield":48,"minecraft:iron_sword":2,"minecraft:rotten_flesh":2,"minecraft:torch":22,"minecraft:dirt":2,"minecraft:chainmail_chestplate":1,"minecraft:obsidian":3,"minecraft:wooden_axe":23,"born_in_chaos_v1:smoked_flesh":8,"minecraft:iron_axe":244,"morevanillaarmor:copper_boots":1,"minecraft:bow":5,"minecraft:sweet_berries":9,"minecraft:cooked_beef":6,"minecraft:iron_leggings":1,"minecraft:wheat_seeds":14,"minecraft:water_bucket":14,"minecraft:diamond_boots":1,"minecraft:stone_pickaxe":7,"minecraft:baked_potato":2,"minecraft:wooden_pickaxe":9,"minecraft:leather_boots":1,"minecraft:golden_apple":1,"minecraft:crafting_table":1,"minecraft:bread":10,"minecraft:iron_pickaxe":132,"minecraft:golden_helmet":1,"minecraft:cobblestone":6,"minecraft:potion":1,"minecraft:turtle_helmet":1,"minecraft:cooked_porkchop":1,"minecraft:bucket":14,"alexsmobs:animal_dictionary":1,"minecraft:diamond_leggings":1,"minecraft:cobweb":6},"minecraft:picked_up":{"minecraft:wooden_axe":1,"irons_spellbooks:scroll":3,"minecraft:crafting_table":1,"galosphere:pink_salt_straw":3,"minecraft:wheat":14,"minecraft:enchanted_book":1,"minecraft:stone_brick_stairs":1,"minecraft:shield":2,"minecraft:string":1,"minecraft:iron_axe":1,"minecraft:iron_leggings":1,"minecraft:spruce_planks":9,"minecraft:iron_pickaxe":1,"minecraft:coal_block":29,"minecraft:sugar_cane":4,"morevanillaarmor:copper_boots":1,"minecraft:golden_helmet":1,"apotheosis:gem":1,"minecraft:torch":15,"minecraft:porkchop":3,"minecraft:golden_chestplate":2,"minecraft:stone_pressure_plate":1,"galosphere:pink_salt":1,"minecraft:quartz_block":7,"minecraft:diamond_chestplate":1,"minecraft:arrow":34,"minecraft:rotten_flesh":30,"minecraft:blaze_rod":3,"minecraft:iron_bars":3,"minecraft:skeleton_skull":1,"minecraft:cobblestone":9,"born_in_chaos_v1:corpse_maggot":7,"minecraft:feather":3,"minecraft:cooked_beef":4,"born_in_chaos_v1:spiritual_dust":1,"paraglider:spirit_orb":44,"minecraft:oak_log":1,"minecraft:chainmail_chestplate":1,"minecraft:gunpowder":1,"minecraft:dirt":2,"irons_spellbooks:common_ink":2,"minecraft:bone":9,"minecraft:kelp":3,"minecraft:bow":1,"minecraft:wheat_seeds":40,"born_in_chaos_v1:smoked_flesh":8,"minecraft:iron_ingot":5,"minecraft:mossy_stone_bricks":4,"minecraft:glass_bottle":1,"twigs:twig":1,"minecraft:cooked_porkchop":1,"minecraft:pumpkin":7,"minecraft:sweet_berries":8,"minecraft:spruce_log":14,"simplyswords:iron_greathammer":1,"minecraft:spider_eye":3,"minecraft:mossy_cobblestone":4,"minecraft:chainmail_leggings":1,"minecraft:golden_apple":1,"minecraft:mossy_cobblestone_stairs":1,"minecraft:chainmail_helmet":2,"minecraft:bread":8,"irons_spellbooks:uncommon_ink":2,"minecraft:coal":3,"minecraft:andesite_slab":2},"minecraft:broken":{"minecraft:golden_helmet":1,"minecraft:shield":1,"morevanillaarmor:copper_boots":1},"minecraft:custom":{"minecraft:mob_kills":96,"minecraft:interact_with_crafting_table":13,"minecraft:open_barrel":11,"minecraft:damage_dealt_resisted":304,"minecraft:time_since_death":52493,"minecraft:climb_one_cm":8041,"minecraft:damage_resisted":0,"minecraft:sprint_one_cm":352241,"minecraft:walk_one_cm":486207,"minecraft:damage_blocked_by_shield":3030,"minecraft:drop":63,"minecraft:play_time":122935,"minecraft:deaths":3,"minecraft:sneak_time":194,"minecraft:walk_under_water_one_cm":6856,"minecraft:boat_one_cm":119551,"minecraft:jump":1518,"minecraft:interact_with_brewingstand":1,"minecraft:walk_on_water_one_cm":19675,"minecraft:total_world_time":122935,"minecraft:interact_with_furnace":5,"minecraft:time_since_rest":52529,"minecraft:damage_taken":2263,"minecraft:damage_absorbed":2614,"minecraft:damage_dealt":14826,"minecraft:swim_one_cm":18487,"minecraft:fly_one_cm":171116,"minecraft:open_chest":108,"minecraft:crouch_one_cm":432,"minecraft:fall_one_cm":30947},"minecraft:killed_by":{"enemyexpansion:huntsman":2,"minecraft:zombie":1},"minecraft:mined":{"minecraft:spruce_planks":8,"minecraft:mossy_cobblestone":5,"minecraft:nether_bricks":1,"minecraft:grass_block":2,"twigs:twig":1,"minecraft:coal_block":29,"minecraft:spruce_leaves":1,"minecraft:spawner":20,"galosphere:pink_salt":2,"galosphere:pink_salt_straw":2,"minecraft:pumpkin":7,"minecraft:mossy_stone_brick_stairs":1,"minecraft:vine":11,"biomeswevegone:prairie_grass":27,"minecraft:iron_bars":5,"minecraft:stone":37,"minecraft:quartz_block":17,"minecraft:crafting_table":1,"biomeswevegone:tall_prairie_grass":20,"minecraft:andesite_slab":2,"minecraft:tall_grass":13,"minecraft:cobblestone":1,"minecraft:oak_planks":1,"minecraft:sugar_cane":2,"minecraft:iron_door":1,"minecraft:wheat":14,"minecraft:spruce_log":14,"minecraft:stone_brick_stairs":1,"minecraft:grass":32,"minecraft:oak_log":1,"minecraft:coal_ore":4,"minecraft:gravel":1,"minecraft:stone_bricks":3,"minecraft:netherrack":1,"minecraft:mossy_stone_bricks":2,"minecraft:oak_leaves":2},"minecraft:dropped":{"minecraft:enchanted_book":1,"minecraft:iron_ingot":5,"minecraft:candle":2,"minecraft:wheat_seeds":26,"minecraft:golden_helmet":1,"minecraft:oak_log":1,"minecraft:glass_bottle":2,"minecraft:feather":3,"minecraft:honeycomb":1,"minecraft:chainmail_helmet":1,"minecraft:coal":1,"minecraft:cobweb":9,"minecraft:wooden_axe":2,"minecraft:iron_leggings":2,"minecraft:gold_nugget":7,"minecraft:pumpkin":7,"minecraft:sugar":2,"minecraft:mossy_cobblestone_stairs":1,"minecraft:string":7,"twigs:twig":1,"minecraft:bone":2,"minecraft:kelp":3,"minecraft:sugar_cane":4,"minecraft:golden_chestplate":2,"alexsmobs:animal_dictionary":1,"minecraft:andesite_slab":2,"minecraft:rotten_flesh":25,"born_in_chaos_v1:spiritual_dust":1,"patchouli:guide_book":3,"minecraft:chainmail_chestplate":3,"minecraft:skeleton_skull":1,"born_in_chaos_v1:corpse_maggot":7,"minecraft:mossy_stone_bricks":4,"apotheosis:gem":1,"minecraft:arrow":18,"minecraft:stone_pickaxe":1,"minecraft:wooden_pickaxe":1,"minecraft:ghast_tear":1,"simplyswords:iron_greathammer":1}},"DataVersion":3465}