{"stats":{"minecraft:crafted":{"minecraft:cooked_mutton":8,"minecraft:stone_pickaxe":1,"minecraft:cooked_beef":4,"minecraft:crafting_table":1,"minecraft:spruce_planks":14,"minecraft:wooden_pickaxe":1,"minecraft:air":71,"minecraft:bread":5,"minecraft:stick":8,"minecraft:wooden_axe":1,"minecraft:torch":2},"minecraft:killed":{"minecraft:cave_spider":1,"born_in_chaos_v1:restless_spirit":1,"born_in_chaos_v1:zombie_lumberjack":1,"minecraft:spider":4,"alexsmobs:tasmanian_devil":1,"alexsmobs:seagull":2,"enemyexpansion:direwolf":3,"born_in_chaos_v1:zombie_bruiser":1,"born_in_chaos_v1:baby_skeleton_minion":1,"born_in_chaos_v1:maggot":7,"minecraft:skeleton":16,"realmrpg_demons:chort":1,"alexsmobs:skelewag":1,"irons_spellbooks:summoned_skeleton":1,"enemyexpansion:vampflyer":1,"born_in_chaos_v1:barrel_zombie":1,"born_in_chaos_v1:bonescaller":1,"minecraft:pig":2,"minecraft:bat":5,"enemyexpansion:sprinter":1,"minecraft:creeper":3,"born_in_chaos_v1:decrepit_skeleton":1,"minecraft:sheep":4,"minecraft:pillager":3,"born_in_chaos_v1:decaying_zombie":1,"minecraft:zombie":33,"enemyexpansion:botfly":2,"born_in_chaos_v1:corpse_fly":7,"enemyexpansion:huntsman":1,"minecraft:stray":7,"born_in_chaos_v1:nightmare_stalker":1,"alexsmobs:fly":1,"iceandfire:pixie":1,"minecraft:cow":2,"enemyexpansion:slugger":1},"minecraft:used":{"minecraft:iron_shovel":2,"minecraft:spruce_planks":53,"minecraft:shield":49,"minecraft:iron_sword":2,"minecraft:rotten_flesh":2,"minecraft:torch":26,"minecraft:dirt":2,"minecraft:chainmail_chestplate":1,"minecraft:obsidian":3,"minecraft:wooden_axe":23,"born_in_chaos_v1:smoked_flesh":8,"minecraft:iron_axe":329,"morevanillaarmor:copper_boots":1,"minecraft:bow":35,"minecraft:sweet_berries":9,"minecraft:cooked_beef":10,"minecraft:iron_leggings":1,"minecraft:wheat_seeds":14,"minecraft:cooked_mutton":7,"minecraft:water_bucket":14,"minecraft:diamond_boots":1,"minecraft:stone_pickaxe":7,"minecraft:baked_potato":2,"minecraft:ender_pearl":1,"minecraft:wooden_pickaxe":9,"minecraft:leather_boots":1,"minecraft:golden_apple":1,"minecraft:stripped_dark_oak_log":1,"minecraft:crafting_table":1,"minecraft:bread":10,"minecraft:iron_pickaxe":134,"minecraft:golden_helmet":1,"minecraft:cobblestone":6,"minecraft:potion":1,"minecraft:turtle_helmet":1,"minecraft:cooked_porkchop":1,"minecraft:bucket":14,"alexsmobs:animal_dictionary":1,"minecraft:diamond_leggings":1,"minecraft:cobweb":6},"minecraft:picked_up":{"minecraft:wooden_axe":1,"irons_spellbooks:scroll":3,"minecraft:crafting_table":1,"galosphere:pink_salt_straw":3,"biomeswevegone:rose":2,"minecraft:wheat":14,"irons_spellbooks:affinity_ring":1,"minecraft:enchanted_book":1,"minecraft:stone_brick_stairs":1,"minecraft:shield":2,"minecraft:string":1,"minecraft:iron_axe":1,"minecraft:iron_leggings":1,"minecraft:beef":4,"minecraft:spruce_planks":32,"minecraft:iron_pickaxe":3,"minecraft:coal_block":29,"minecraft:sugar_cane":4,"minecraft:iron_boots":1,"morevanillaarmor:copper_boots":1,"minecraft:golden_helmet":1,"apotheosis:gem":1,"biomeswevegone:blue_rose_bush":1,"minecraft:torch":15,"minecraft:porkchop":3,"minecraft:golden_chestplate":2,"minecraft:stone_pressure_plate":1,"galosphere:pink_salt":1,"minecraft:quartz_block":7,"minecraft:diamond_chestplate":1,"minecraft:arrow":57,"minecraft:rotten_flesh":43,"minecraft:blaze_rod":3,"minecraft:mutton":8,"minecraft:iron_bars":3,"minecraft:skeleton_skull":1,"minecraft:white_wool":6,"minecraft:cobblestone":9,"born_in_chaos_v1:corpse_maggot":7,"minecraft:feather":4,"minecraft:cooked_beef":4,"born_in_chaos_v1:spiritual_dust":1,"minecraft:leather":4,"minecraft:packed_mud":1,"paraglider:spirit_orb":46,"minecraft:oak_log":1,"minecraft:chainmail_chestplate":1,"biomeswevegone:shelf_fungi":1,"minecraft:gunpowder":2,"minecraft:dirt":3,"minecraft:cooked_mutton":1,"irons_spellbooks:common_ink":2,"minecraft:bone":9,"minecraft:kelp":3,"minecraft:bow":1,"minecraft:wheat_seeds":40,"biomeswevegone:white_anemone":1,"born_in_chaos_v1:smoked_flesh":8,"minecraft:iron_ingot":5,"minecraft:mossy_stone_bricks":4,"minecraft:glass_bottle":1,"twigs:twig":1,"usefulslime:slime_sling":1,"irons_spellbooks:fireward_ring":1,"minecraft:cooked_porkchop":1,"minecraft:pumpkin":7,"minecraft:sweet_berries":8,"iceandfire:ash":1,"minecraft:spruce_log":14,"simplyswords:iron_greathammer":1,"minecraft:spider_eye":3,"minecraft:mossy_cobblestone":4,"minecraft:diamond":5,"usefulslime:slime_boots":1,"minecraft:chainmail_leggings":1,"minecraft:emerald":2,"minecraft:golden_apple":1,"minecraft:mossy_cobblestone_stairs":1,"minecraft:chainmail_helmet":2,"minecraft:bread":8,"minecraft:stripped_dark_oak_log":1,"irons_spellbooks:uncommon_ink":2,"minecraft:coal":3,"minecraft:andesite_slab":2},"minecraft:broken":{"minecraft:golden_helmet":1,"minecraft:shield":1,"minecraft:iron_axe":1,"morevanillaarmor:copper_boots":1},"minecraft:custom":{"minecraft:mob_kills":122,"minecraft:interact_with_crafting_table":13,"minecraft:open_barrel":16,"minecraft:damage_dealt_resisted":304,"minecraft:time_since_death":29,"minecraft:climb_one_cm":8041,"minecraft:damage_resisted":0,"minecraft:sprint_one_cm":534276,"minecraft:walk_one_cm":605094,"minecraft:damage_blocked_by_shield":3105,"minecraft:drop":80,"minecraft:play_time":158935,"minecraft:deaths":10,"minecraft:sneak_time":329,"minecraft:walk_under_water_one_cm":6856,"minecraft:boat_one_cm":119551,"minecraft:jump":2570,"minecraft:interact_with_brewingstand":3,"minecraft:walk_on_water_one_cm":20616,"minecraft:total_world_time":158935,"minecraft:interact_with_furnace":5,"minecraft:time_since_rest":64,"minecraft:waystone_activated":1,"minecraft:damage_taken":4774,"minecraft:damage_absorbed":3356,"minecraft:damage_dealt":20125,"minecraft:swim_one_cm":18487,"minecraft:fly_one_cm":480326,"minecraft:open_chest":118,"minecraft:crouch_one_cm":888,"minecraft:interact_with_smoker":7,"minecraft:fall_one_cm":70890},"minecraft:killed_by":{"minecraft:ravager":3,"enemyexpansion:huntsman":2,"minecraft:vindicator":1,"minecraft:zombie":1,"iceandfire:fire_dragon":1,"minecraft:vex":1},"minecraft:mined":{"minecraft:spruce_planks":35,"minecraft:mossy_cobblestone":5,"minecraft:nether_bricks":1,"minecraft:grass_block":2,"twigs:twig":1,"minecraft:coal_block":29,"minecraft:spruce_leaves":1,"minecraft:spawner":20,"galosphere:pink_salt":2,"galosphere:pink_salt_straw":2,"minecraft:pumpkin":7,"minecraft:mossy_stone_brick_stairs":1,"minecraft:vine":11,"biomeswevegone:prairie_grass":27,"minecraft:iron_bars":7,"minecraft:stone":37,"minecraft:quartz_block":17,"minecraft:crafting_table":1,"biomeswevegone:tall_prairie_grass":20,"minecraft:andesite_slab":2,"minecraft:tall_grass":13,"minecraft:cobblestone":1,"minecraft:oak_planks":1,"minecraft:sugar_cane":2,"minecraft:iron_door":1,"minecraft:wheat":14,"minecraft:spruce_log":14,"minecraft:stone_brick_stairs":1,"minecraft:grass":32,"minecraft:oak_log":1,"minecraft:coal_ore":4,"minecraft:gravel":1,"minecraft:stone_bricks":3,"minecraft:netherrack":1,"minecraft:mossy_stone_bricks":2,"minecraft:oak_leaves":2,"biomeswevegone:white_anemone":1},"minecraft:dropped":{"minecraft:enchanted_book":2,"minecraft:iron_ingot":5,"minecraft:candle":2,"minecraft:wheat_seeds":26,"minecraft:golden_helmet":1,"minecraft:cooked_beef":5,"minecraft:oak_log":1,"minecraft:mossy_cobblestone":4,"minecraft:glass_bottle":2,"irons_spellbooks:fireward_ring":1,"minecraft:feather":4,"minecraft:leather":4,"minecraft:honeycomb":1,"minecraft:chainmail_helmet":1,"minecraft:coal":1,"minecraft:emerald":2,"minecraft:cobweb":9,"irons_spellbooks:affinity_ring":1,"minecraft:wooden_axe":2,"minecraft:iron_leggings":2,"iceandfire:ash":1,"minecraft:gold_nugget":7,"minecraft:pumpkin":7,"biomeswevegone:white_anemone":1,"minecraft:sugar":2,"minecraft:iron_pickaxe":2,"minecraft:mossy_cobblestone_stairs":1,"minecraft:string":7,"minecraft:white_wool":3,"twigs:twig":1,"minecraft:bone":2,"minecraft:kelp":3,"minecraft:sugar_cane":4,"minecraft:golden_chestplate":2,"alexsmobs:animal_dictionary":1,"minecraft:andesite_slab":2,"minecraft:rotten_flesh":33,"minecraft:iron_boots":1,"born_in_chaos_v1:spiritual_dust":1,"patchouli:guide_book":3,"minecraft:chainmail_chestplate":3,"minecraft:gunpowder":1,"minecraft:skeleton_skull":1,"born_in_chaos_v1:corpse_maggot":7,"minecraft:mossy_stone_bricks":4,"apotheosis:gem":1,"minecraft:arrow":18,"minecraft:stone_pickaxe":1,"minecraft:wooden_pickaxe":1,"minecraft:ghast_tear":1,"biomeswevegone:shelf_fungi":1,"simplyswords:iron_greathammer":1}},"DataVersion":3465}