{"stats":{"minecraft:used":{"minecraft:wheat_seeds":14,"minecraft:water_bucket":11,"minecraft:stone_pickaxe":7,"minecraft:spruce_planks":19,"minecraft:wooden_pickaxe":9,"minecraft:shield":8,"minecraft:dirt":2,"minecraft:crafting_table":1,"born_in_chaos_v1:smoked_flesh":1,"minecraft:wooden_axe":23,"minecraft:iron_axe":52,"minecraft:bread":10,"minecraft:iron_pickaxe":4,"minecraft:cobblestone":6,"minecraft:sweet_berries":9,"minecraft:cooked_porkchop":1,"minecraft:bucket":11,"alexsmobs:animal_dictionary":1,"minecraft:cobweb":6},"minecraft:killed_by":{"enemyexpansion:huntsman":2},"minecraft:dropped":{"minecraft:kelp":3,"minecraft:candle":2,"minecraft:wheat_seeds":26,"alexsmobs:animal_dictionary":1,"minecraft:andesite_slab":2,"minecraft:rotten_flesh":1,"minecraft:honeycomb":1,"patchouli:guide_book":3,"minecraft:coal":1,"minecraft:wooden_axe":2,"minecraft:pumpkin":7,"minecraft:wooden_pickaxe":1,"minecraft:stone_pickaxe":1,"minecraft:string":6,"twigs:twig":1},"minecraft:mined":{"minecraft:spruce_planks":8,"minecraft:crafting_table":1,"minecraft:grass_block":2,"biomeswevegone:tall_prairie_grass":20,"minecraft:andesite_slab":2,"twigs:twig":1,"minecraft:tall_grass":13,"minecraft:spruce_leaves":1,"minecraft:oak_planks":1,"minecraft:sugar_cane":2,"minecraft:wheat":14,"minecraft:spruce_log":14,"minecraft:pumpkin":7,"minecraft:grass":32,"minecraft:oak_log":1,"minecraft:coal_ore":4,"biomeswevegone:prairie_grass":27,"minecraft:stone":9,"minecraft:oak_leaves":2},"minecraft:picked_up":{"minecraft:wooden_axe":1,"born_in_chaos_v1:corpse_maggot":1,"minecraft:crafting_table":1,"minecraft:wheat":14,"minecraft:feather":3,"born_in_chaos_v1:spiritual_dust":1,"minecraft:oak_log":1,"minecraft:shield":1,"minecraft:gunpowder":1,"minecraft:dirt":2,"minecraft:iron_axe":1,"irons_spellbooks:common_ink":2,"minecraft:bone":2,"minecraft:kelp":3,"minecraft:wheat_seeds":40,"minecraft:spruce_planks":8,"born_in_chaos_v1:smoked_flesh":8,"minecraft:iron_pickaxe":1,"twigs:twig":1,"minecraft:sugar_cane":4,"morevanillaarmor:copper_boots":1,"apotheosis:gem":1,"minecraft:cooked_porkchop":1,"minecraft:pumpkin":7,"minecraft:sweet_berries":8,"minecraft:porkchop":3,"minecraft:spruce_log":14,"minecraft:arrow":2,"minecraft:rotten_flesh":1,"minecraft:chainmail_leggings":1,"minecraft:bread":8,"minecraft:chainmail_helmet":1,"minecraft:blaze_rod":3,"irons_spellbooks:uncommon_ink":2,"minecraft:coal":3,"minecraft:andesite_slab":2,"minecraft:cobblestone":9,"irons_spellbooks:scroll":3},"minecraft:crafted":{"minecraft:crafting_table":1,"minecraft:spruce_planks":14,"minecraft:wooden_pickaxe":1,"minecraft:bread":5,"minecraft:air":71,"minecraft:stick":8,"minecraft:stone_pickaxe":1,"minecraft:wooden_axe":1,"minecraft:torch":2},"minecraft:custom":{"minecraft:interact_with_furnace":5,"minecraft:mob_kills":20,"minecraft:interact_with_crafting_table":13,"minecraft:open_barrel":11,"minecraft:damage_dealt_resisted":90,"minecraft:time_since_death":55184,"minecraft:climb_one_cm":352,"minecraft:time_since_rest":55221,"minecraft:sprint_one_cm":157239,"minecraft:walk_one_cm":246661,"minecraft:damage_taken":1223,"minecraft:damage_absorbed":345,"minecraft:damage_blocked_by_shield":765,"minecraft:drop":18,"minecraft:damage_dealt":3291,"minecraft:swim_one_cm":16425,"minecraft:fly_one_cm":141648,"minecraft:open_chest":6,"minecraft:crouch_one_cm":119,"minecraft:play_time":63246,"minecraft:deaths":2,"minecraft:sneak_time":53,"minecraft:walk_under_water_one_cm":3316,"minecraft:boat_one_cm":119551,"minecraft:jump":1027,"minecraft:interact_with_brewingstand":1,"minecraft:walk_on_water_one_cm":7067,"minecraft:total_world_time":63246,"minecraft:fall_one_cm":25301},"minecraft:killed":{"born_in_chaos_v1:barrel_zombie":1,"born_in_chaos_v1:bonescaller":1,"minecraft:pig":2,"born_in_chaos_v1:zombie_lumberjack":1,"minecraft:spider":1,"enemyexpansion:sprinter":1,"alexsmobs:tasmanian_devil":1,"alexsmobs:seagull":2,"minecraft:creeper":1,"born_in_chaos_v1:baby_skeleton_minion":1,"born_in_chaos_v1:maggot":1,"minecraft:zombie":3,"realmrpg_demons:chort":1,"alexsmobs:fly":1,"alexsmobs:skelewag":1,"enemyexpansion:slugger":1}},"DataVersion":3465}