{"stats":{"minecraft:crafted":{"minecraft:coal":1,"minecraft:furnace":1,"morevanillaarmor:copper_boots":2,"usefulslime:slime_sling":2,"minecraft:iron_boots":1,"minecraft:spruce_slab":4,"minecraft:slime_ball":2,"minecraft:stone_pickaxe":1,"iceandfire:armor_copper_metal_chestplate":1,"minecraft:spruce_boat":1,"minecraft:smoker":1,"minecraft:wheat":1,"minecraft:cooked_porkchop":2,"minecraft:crafting_table":3,"minecraft:spruce_planks":29,"minecraft:wooden_pickaxe":1,"minecraft:copper_ingot":19,"minecraft:bucket":1,"minecraft:acacia_boat":1,"minecraft:bread":24,"minecraft:air":249,"born_in_chaos_v1:smoked_flesh":23,"minecraft:white_wool":5,"minecraft:shield":1,"minecraft:iron_pickaxe":1,"minecraft:stick":11,"minecraft:iron_ingot":8,"minecraft:stone_sword":1,"minecraft:white_bed":1,"usefulslime:slime_boots":2,"minecraft:acacia_planks":2,"minecraft:torch":66},"minecraft:killed":{"minecraft:cave_spider":2,"born_in_chaos_v1:mr_pumpkin":1,"irons_spellbooks:summoned_zombie":3,"born_in_chaos_v1:restless_spirit":1,"minecraft:spider":19,"enemyexpansion:direwolf":2,"born_in_chaos_v1:siamese_skeletonsright":1,"born_in_chaos_v1:baby_skeleton_minion":1,"born_in_chaos_v1:maggot":4,"minecraft:skeleton":30,"enemyexpansion:silverqueen":1,"realmrpg_demons:chort":1,"minecraft:silverfish":13,"minecraft:illusioner":1,"minecraft:pig":2,"born_in_chaos_v1:baby_skeleton":3,"enemyexpansion:sprinter":1,"irons_spellbooks:necromancer":1,"minecraft:creeper":2,"born_in_chaos_v1:decrepit_skeleton":6,"born_in_chaos_v1:dark_vortex":1,"minecraft:zombie":17,"enemyexpansion:botfly":7,"enemyexpansion:huntsman":1,"minecraft:stray":5,"born_in_chaos_v1:door_knight":2,"minecraft:wither_skeleton":5,"born_in_chaos_v1:siamese_skeletonsleft":1},"minecraft:used":{"usefulslime:slime_boots":1,"minecraft:stone_sword":80,"minecraft:shield":64,"minecraft:spruce_planks":60,"minecraft:iron_sword":36,"minecraft:torch":111,"minecraft:dirt":22,"minecraft:anvil":1,"simplyswords:diamond_sai":65,"minecraft:carrot":2,"born_in_chaos_v1:smoked_flesh":9,"minecraft:spruce_boat":1,"friendsandfoes:totem_of_illusion":1,"minecraft:iron_axe":294,"minecraft:quartz_block":1,"morevanillaarmor:copper_boots":1,"minecraft:iron_boots":2,"minecraft:golden_carrot":2,"minecraft:bow":17,"minecraft:furnace":6,"minecraft:stone_pressure_plate":1,"minecraft:cooked_beef":9,"minecraft:light_gray_bed":1,"minecraft:acacia_boat":1,"minecraft:water_bucket":11,"minecraft:red_nether_bricks":1,"minecraft:stone_pickaxe":34,"minecraft:baked_potato":12,"minecraft:wooden_pickaxe":15,"minecraft:leather_chestplate":1,"minecraft:crafting_table":9,"minecraft:mushroom_stew":1,"minecraft:white_bed":1,"minecraft:smoker":1,"minecraft:diamond_pickaxe":100,"iceandfire:armor_copper_metal_chestplate":1,"minecraft:bread":23,"minecraft:string":1,"minecraft:iron_pickaxe":114,"minecraft:golden_helmet":3,"minecraft:cobblestone":34,"minecraft:potion":2,"travelersbackpack:standard":1,"minecraft:chainmail_boots":1,"minecraft:cooked_porkchop":1,"minecraft:bucket":12,"minecraft:cobweb":2},"minecraft:picked_up":{"minecraft:wooden_axe":2,"minecraft:crafting_table":9,"minecraft:iron_chestplate":1,"minecraft:wheat":7,"minecraft:chainmail_boots":2,"minecraft:anvil":2,"minecraft:wooden_pickaxe":2,"friendsandfoes:totem_of_illusion":1,"minecraft:enchanted_book":1,"minecraft:potion":1,"minecraft:stone_brick_stairs":2,"minecraft:brewing_stand":1,"minecraft:shield":1,"minecraft:string":52,"minecraft:raw_copper":69,"minecraft:iron_axe":1,"minecraft:red_nether_bricks":1,"minecraft:item_frame":1,"minecraft:blackstone":1,"minecraft:cracked_stone_bricks":1,"irons_spellbooks:arcane_essence":1,"minecraft:cobbled_deepslate":22,"minecraft:spruce_planks":9,"minecraft:iron_pickaxe":2,"minecraft:coal_block":1,"minecraft:iron_boots":2,"minecraft:furnace":7,"minecraft:golden_helmet":4,"minecraft:beehive":1,"minecraft:raw_iron":8,"born_in_chaos_v1:shattered_skull":1,"apotheosis:gem":5,"minecraft:copper_ingot":4,"minecraft:torch":2,"minecraft:bowl":1,"minecraft:acacia_log":2,"minecraft:porkchop":7,"minecraft:golden_axe":1,"minecraft:diorite":1,"born_in_chaos_v1:pieceofdarkmetal":2,"minecraft:stone_pressure_plate":1,"minecraft:golden_chestplate":1,"minecraft:brown_carpet":7,"galosphere:pink_salt":1,"minecraft:quartz_block":7,"minecraft:arrow":27,"minecraft:diamond_chestplate":1,"minecraft:light_gray_bed":2,"minecraft:rotten_flesh":39,"minecraft:nether_bricks":7,"minecraft:hay_block":1,"minecraft:iron_bars":20,"minecraft:skeleton_skull":3,"minecraft:cobblestone":61,"born_in_chaos_v1:fused_bone":2,"born_in_chaos_v1:corpse_maggot":5,"minecraft:cooked_beef":10,"minecraft:leather_chestplate":1,"minecraft:golden_carrot":2,"born_in_chaos_v1:spiritual_dust":1,"minecraft:leather":4,"minecraft:smoker":1,"paraglider:spirit_orb":74,"minecraft:oak_log":2,"minecraft:chainmail_chestplate":4,"minecraft:dirt":22,"minecraft:spawner":2,"minecraft:bone":63,"minecraft:stone_bricks":1,"minecraft:bow":1,"minecraft:wheat_seeds":35,"born_in_chaos_v1:smoked_flesh":4,"minecraft:iron_ingot":1,"minecraft:stone_pickaxe":4,"minecraft:glass_bottle":2,"twigs:twig":9,"minecraft:oak_planks":2,"irons_spellbooks:frozen_bone":9,"minecraft:pumpkin":7,"patchouli:guide_book":2,"born_in_chaos_v1:ethereal_spirit":2,"born_in_chaos_v1:dark_rod":2,"simplyswords:iron_greathammer":1,"minecraft:spruce_sapling":1,"minecraft:white_bed":1,"minecraft:spruce_log":33,"illagerinvasion:illusionary_dust":1,"minecraft:trapped_chest":1,"minecraft:spider_eye":11,"alexsmobs:animal_dictionary":2,"minecraft:diamond_shovel":1,"minecraft:diamond":3,"minecraft:spruce_boat":1,"minecraft:chainmail_leggings":1,"minecraft:chainmail_helmet":1,"minecraft:emerald":2,"minecraft:coal":17,"minecraft:andesite_slab":4},"minecraft:broken":{"minecraft:iron_helmet":1,"morevanillaarmor:copper_boots":1},"minecraft:custom":{"minecraft:interact_with_anvil":1,"minecraft:mob_kills":143,"minecraft:interact_with_crafting_table":39,"minecraft:open_barrel":41,"minecraft:bell_ring":4,"minecraft:damage_dealt_resisted":1085,"minecraft:time_since_death":19414,"minecraft:climb_one_cm":5477,"minecraft:damage_resisted":0,"minecraft:sprint_one_cm":517661,"minecraft:walk_one_cm":258200,"minecraft:damage_blocked_by_shield":3593,"minecraft:drop":129,"minecraft:talked_to_villager":1,"minecraft:play_time":146940,"minecraft:sneak_time":4457,"minecraft:deaths":2,"minecraft:walk_under_water_one_cm":6903,"minecraft:interact_with_brewingstand":1,"minecraft:jump":2518,"minecraft:walk_on_water_one_cm":19316,"minecraft:total_world_time":146940,"minecraft:interact_with_furnace":33,"spartanshields:shield_bash_hits":3,"minecraft:sleep_in_bed":1,"minecraft:time_since_rest":17636,"minecraft:waystone_activated":1,"minecraft:damage_taken":2845,"minecraft:damage_absorbed":3805,"minecraft:trigger_trapped_chest":1,"minecraft:damage_dealt":22720,"minecraft:fly_one_cm":552935,"minecraft:swim_one_cm":23597,"minecraft:open_chest":144,"minecraft:crouch_one_cm":14707,"minecraft:interact_with_smoker":8,"minecraft:fall_one_cm":41272},"minecraft:killed_by":{"born_in_chaos_v1:siamese_skeletons":1,"enemyexpansion:invisicreeper":1},"minecraft:mined":{"minecraft:stone_pressure_plate":1,"minecraft:spruce_planks":6,"minecraft:white_bed":1,"minecraft:mossy_cobblestone":2,"minecraft:deepslate_diamond_ore":1,"minecraft:red_nether_bricks":1,"minecraft:brewing_stand":1,"minecraft:nether_bricks":15,"minecraft:grass_block":2,"minecraft:light_gray_bed":2,"twigs:twig":1,"minecraft:coal_block":1,"minecraft:spruce_leaves":1,"minecraft:chiseled_stone_bricks":2,"minecraft:spawner":50,"minecraft:hay_block":1,"galosphere:pink_salt":1,"minecraft:furnace":6,"minecraft:mossy_cobblestone_stairs":2,"minecraft:iron_ore":8,"minecraft:fire":1,"minecraft:anvil":2,"minecraft:nether_brick_stairs":4,"minecraft:mossy_stone_brick_stairs":1,"minecraft:vine":6,"minecraft:iron_bars":25,"minecraft:stone":61,"minecraft:polished_granite_stairs":1,"minecraft:tripwire":1,"minecraft:redstone_block":1,"minecraft:quartz_block":5,"minecraft:smoker":1,"minecraft:soul_sand":2,"minecraft:brown_carpet":7,"minecraft:crafting_table":8,"minecraft:chest":1,"minecraft:cobblestone":2,"minecraft:copper_ore":10,"minecraft:tall_grass":6,"minecraft:iron_door":1,"minecraft:wall_torch":1,"minecraft:diorite":1,"supplementaries:urn":3,"minecraft:beehive":1,"minecraft:spruce_log":30,"minecraft:stone_brick_stairs":3,"minecraft:grass":5,"minecraft:coal_ore":5,"minecraft:gravel":1,"minecraft:dirt":2,"minecraft:cobweb":12,"minecraft:cracked_stone_bricks":2,"minecraft:stone_bricks":6,"minecraft:mossy_stone_bricks":3,"minecraft:fern":2},"minecraft:dropped":{"minecraft:enchanted_book":1,"minecraft:bread":8,"minecraft:porkchop":3,"minecraft:wheat_seeds":35,"minecraft:golden_helmet":5,"minecraft:cooked_beef":9,"usefulslime:slime_sling":1,"minecraft:glass_bottle":3,"minecraft:crafting_table":2,"minecraft:cooked_porkchop":1,"minecraft:golden_axe":1,"minecraft:cobblestone":1,"minecraft:cracked_stone_bricks":1,"minecraft:chainmail_helmet":1,"minecraft:golden_apple":1,"irons_spellbooks:scroll":3,"minecraft:torch":1,"usefulslime:slime_boots":1,"minecraft:wooden_axe":2,"born_in_chaos_v1:fused_bone":2,"irons_spellbooks:arcane_essence":2,"irons_spellbooks:common_ink":2,"minecraft:iron_axe":2,"minecraft:iron_pickaxe":3,"minecraft:chainmail_leggings":2,"minecraft:string":12,"minecraft:trapped_chest":1,"twigs:twig":3,"minecraft:spruce_sapling":1,"minecraft:blackstone":1,"minecraft:golden_chestplate":2,"alexsmobs:animal_dictionary":3,"minecraft:cobbled_deepslate":22,"minecraft:stone_sword":1,"minecraft:blaze_rod":3,"minecraft:bowl":2,"morevanillaarmor:copper_boots":1,"minecraft:andesite_slab":2,"born_in_chaos_v1:ethereal_spirit":2,"irons_spellbooks:uncommon_ink":2,"minecraft:rotten_flesh":3,"born_in_chaos_v1:smoked_flesh":8,"minecraft:oak_planks":1,"minecraft:iron_boots":3,"minecraft:diamond_shovel":1,"minecraft:beehive":1,"patchouli:guide_book":5,"minecraft:chainmail_chestplate":3,"minecraft:leather_chestplate":2,"minecraft:shield":3,"minecraft:diamond_chestplate":1,"minecraft:skeleton_skull":1,"minecraft:quartz_block":4,"born_in_chaos_v1:corpse_maggot":4,"minecraft:chainmail_boots":2,"apotheosis:gem":4,"minecraft:stone_bricks":1,"minecraft:spider_eye":9,"minecraft:brown_carpet":7,"minecraft:iron_bars":10,"minecraft:wooden_pickaxe":2,"minecraft:stone_pickaxe":5,"minecraft:stone_brick_stairs":1,"simplyswords:iron_greathammer":1,"minecraft:spawner":2}},"DataVersion":3465}