{"stats":{"minecraft:used":{"minecraft:stone_sword":80,"minecraft:spruce_planks":6,"minecraft:shield":39,"minecraft:torch":27,"minecraft:dirt":22,"minecraft:spruce_boat":1,"minecraft:iron_axe":106,"morevanillaarmor:copper_boots":1,"minecraft:bow":5,"minecraft:furnace":4,"minecraft:acacia_boat":1,"minecraft:water_bucket":1,"minecraft:baked_potato":1,"minecraft:stone_pickaxe":34,"minecraft:leather_chestplate":1,"minecraft:wooden_pickaxe":15,"minecraft:crafting_table":7,"minecraft:mushroom_stew":1,"minecraft:white_bed":1,"iceandfire:armor_copper_metal_chestplate":1,"minecraft:bread":10,"minecraft:string":1,"minecraft:iron_pickaxe":78,"minecraft:potion":2,"minecraft:cooked_porkchop":1,"minecraft:bucket":2,"minecraft:cobweb":2},"minecraft:killed_by":{"born_in_chaos_v1:siamese_skeletons":1},"minecraft:mined":{"minecraft:white_bed":1,"minecraft:brewing_stand":1,"minecraft:grass_block":2,"minecraft:light_gray_bed":1,"twigs:twig":1,"minecraft:spruce_leaves":1,"minecraft:spawner":11,"minecraft:hay_block":1,"galosphere:pink_salt":1,"minecraft:furnace":4,"minecraft:iron_ore":8,"minecraft:iron_bars":4,"minecraft:stone":58,"minecraft:polished_granite_stairs":1,"minecraft:tripwire":1,"minecraft:brown_carpet":7,"minecraft:crafting_table":6,"minecraft:chest":1,"minecraft:cobblestone":1,"minecraft:copper_ore":10,"minecraft:tall_grass":5,"minecraft:diorite":1,"minecraft:beehive":1,"minecraft:spruce_log":26,"minecraft:stone_brick_stairs":2,"minecraft:grass":3,"minecraft:coal_ore":4,"minecraft:dirt":2,"minecraft:cobweb":12,"minecraft:fern":1},"minecraft:dropped":{"minecraft:bread":8,"minecraft:wheat_seeds":34,"minecraft:glass_bottle":3,"minecraft:cooked_porkchop":1,"minecraft:chainmail_helmet":1,"irons_spellbooks:scroll":3,"minecraft:wooden_axe":2,"born_in_chaos_v1:fused_bone":2,"irons_spellbooks:arcane_essence":1,"irons_spellbooks:common_ink":2,"minecraft:iron_axe":2,"minecraft:iron_pickaxe":1,"minecraft:chainmail_leggings":1,"minecraft:string":12,"twigs:twig":2,"minecraft:spruce_sapling":1,"minecraft:stone_sword":1,"minecraft:blaze_rod":3,"alexsmobs:animal_dictionary":3,"minecraft:bowl":2,"morevanillaarmor:copper_boots":1,"minecraft:andesite_slab":2,"irons_spellbooks:uncommon_ink":2,"minecraft:rotten_flesh":1,"born_in_chaos_v1:smoked_flesh":8,"minecraft:beehive":1,"patchouli:guide_book":5,"minecraft:shield":2,"born_in_chaos_v1:corpse_maggot":1,"apotheosis:gem":1,"minecraft:spider_eye":2,"minecraft:brown_carpet":7,"minecraft:iron_bars":8,"minecraft:stone_pickaxe":5,"minecraft:wooden_pickaxe":2,"minecraft:stone_brick_stairs":1},"minecraft:picked_up":{"minecraft:wooden_axe":2,"minecraft:crafting_table":6,"minecraft:wheat":7,"minecraft:wooden_pickaxe":2,"friendsandfoes:totem_of_illusion":1,"minecraft:potion":1,"minecraft:stone_brick_stairs":2,"minecraft:brewing_stand":1,"minecraft:string":43,"minecraft:raw_copper":69,"minecraft:furnace":4,"minecraft:raw_iron":8,"minecraft:beehive":1,"apotheosis:gem":2,"minecraft:copper_ingot":4,"minecraft:torch":1,"minecraft:bowl":1,"minecraft:acacia_log":2,"minecraft:porkchop":7,"minecraft:diorite":1,"minecraft:brown_carpet":7,"galosphere:pink_salt":1,"minecraft:arrow":10,"minecraft:light_gray_bed":1,"minecraft:rotten_flesh":11,"minecraft:hay_block":1,"minecraft:iron_bars":8,"minecraft:cobblestone":58,"born_in_chaos_v1:fused_bone":2,"born_in_chaos_v1:corpse_maggot":2,"minecraft:golden_carrot":2,"born_in_chaos_v1:spiritual_dust":1,"paraglider:spirit_orb":22,"minecraft:dirt":22,"minecraft:bone":22,"minecraft:wheat_seeds":34,"minecraft:iron_ingot":1,"born_in_chaos_v1:smoked_flesh":4,"minecraft:stone_pickaxe":4,"minecraft:glass_bottle":2,"twigs:twig":8,"minecraft:oak_planks":1,"minecraft:pumpkin":7,"patchouli:guide_book":2,"minecraft:spruce_sapling":1,"minecraft:white_bed":1,"minecraft:spruce_log":29,"illagerinvasion:illusionary_dust":1,"minecraft:spider_eye":2,"alexsmobs:animal_dictionary":2,"minecraft:spruce_boat":1,"minecraft:emerald":2,"minecraft:chainmail_helmet":1,"minecraft:coal":12,"minecraft:andesite_slab":4},"minecraft:crafted":{"minecraft:furnace":1,"morevanillaarmor:copper_boots":2,"minecraft:spruce_slab":4,"iceandfire:armor_copper_metal_chestplate":1,"minecraft:stone_pickaxe":1,"minecraft:spruce_boat":1,"minecraft:wheat":1,"minecraft:cooked_porkchop":2,"minecraft:crafting_table":2,"minecraft:spruce_planks":29,"minecraft:wooden_pickaxe":1,"minecraft:copper_ingot":19,"minecraft:bucket":1,"minecraft:bread":24,"minecraft:acacia_boat":1,"minecraft:air":213,"minecraft:white_wool":5,"minecraft:shield":1,"minecraft:stick":10,"minecraft:iron_pickaxe":1,"minecraft:iron_ingot":8,"minecraft:stone_sword":1,"minecraft:white_bed":1,"minecraft:acacia_planks":2,"minecraft:torch":21},"minecraft:killed":{"minecraft:cave_spider":1,"born_in_chaos_v1:mr_pumpkin":1,"minecraft:spider":7,"enemyexpansion:direwolf":2,"born_in_chaos_v1:siamese_skeletonsright":1,"born_in_chaos_v1:baby_skeleton_minion":1,"born_in_chaos_v1:maggot":2,"minecraft:skeleton":9,"enemyexpansion:silverqueen":1,"realmrpg_demons:chort":1,"minecraft:silverfish":11,"minecraft:illusioner":1,"minecraft:pig":2,"born_in_chaos_v1:baby_skeleton":2,"born_in_chaos_v1:decrepit_skeleton":2,"minecraft:zombie":2,"enemyexpansion:huntsman":1,"born_in_chaos_v1:door_knight":1,"born_in_chaos_v1:siamese_skeletonsleft":1},"minecraft:custom":{"minecraft:mob_kills":57,"minecraft:interact_with_crafting_table":33,"minecraft:open_barrel":36,"minecraft:damage_dealt_resisted":1085,"minecraft:time_since_death":57406,"minecraft:climb_one_cm":810,"minecraft:damage_resisted":0,"minecraft:sprint_one_cm":192450,"minecraft:walk_one_cm":125803,"minecraft:damage_blocked_by_shield":2025,"minecraft:drop":63,"minecraft:talked_to_villager":1,"minecraft:play_time":75826,"minecraft:sneak_time":2418,"minecraft:deaths":1,"minecraft:walk_under_water_one_cm":4545,"minecraft:jump":1155,"minecraft:walk_on_water_one_cm":13765,"minecraft:total_world_time":75826,"minecraft:interact_with_furnace":31,"spartanshields:shield_bash_hits":2,"minecraft:time_since_rest":57436,"minecraft:damage_taken":697,"minecraft:damage_absorbed":1013,"minecraft:damage_dealt":8596,"minecraft:swim_one_cm":23409,"minecraft:fly_one_cm":206410,"minecraft:open_chest":44,"minecraft:crouch_one_cm":8746,"minecraft:fall_one_cm":23048}},"DataVersion":3465}