{"stats":{"minecraft:crafted":{"minecraft:furnace":1,"morevanillaarmor:copper_boots":2,"minecraft:iron_boots":1,"minecraft:spruce_slab":4,"minecraft:stone_pickaxe":1,"iceandfire:armor_copper_metal_chestplate":1,"minecraft:spruce_boat":1,"minecraft:wheat":1,"minecraft:cooked_porkchop":2,"minecraft:crafting_table":2,"minecraft:spruce_planks":29,"minecraft:wooden_pickaxe":1,"minecraft:copper_ingot":19,"minecraft:bucket":1,"minecraft:acacia_boat":1,"minecraft:bread":24,"minecraft:air":220,"minecraft:white_wool":5,"minecraft:shield":1,"minecraft:iron_pickaxe":1,"minecraft:stick":11,"minecraft:iron_ingot":8,"minecraft:stone_sword":1,"minecraft:white_bed":1,"minecraft:acacia_planks":2,"minecraft:torch":66},"minecraft:killed":{"minecraft:cave_spider":1,"born_in_chaos_v1:mr_pumpkin":1,"born_in_chaos_v1:restless_spirit":1,"minecraft:spider":9,"enemyexpansion:direwolf":2,"born_in_chaos_v1:siamese_skeletonsright":1,"born_in_chaos_v1:baby_skeleton_minion":1,"born_in_chaos_v1:maggot":3,"minecraft:skeleton":25,"enemyexpansion:silverqueen":1,"realmrpg_demons:chort":1,"minecraft:silverfish":13,"minecraft:illusioner":1,"minecraft:pig":2,"born_in_chaos_v1:baby_skeleton":2,"born_in_chaos_v1:decrepit_skeleton":2,"minecraft:zombie":7,"enemyexpansion:botfly":7,"enemyexpansion:huntsman":1,"minecraft:stray":4,"born_in_chaos_v1:door_knight":1,"minecraft:wither_skeleton":1,"born_in_chaos_v1:siamese_skeletonsleft":1},"minecraft:used":{"minecraft:stone_sword":80,"minecraft:shield":56,"minecraft:spruce_planks":41,"minecraft:torch":72,"minecraft:dirt":22,"simplyswords:diamond_sai":65,"minecraft:carrot":2,"minecraft:spruce_boat":1,"friendsandfoes:totem_of_illusion":1,"minecraft:iron_axe":186,"morevanillaarmor:copper_boots":1,"minecraft:golden_carrot":2,"minecraft:bow":10,"minecraft:furnace":4,"minecraft:acacia_boat":1,"minecraft:water_bucket":7,"minecraft:red_nether_bricks":1,"minecraft:stone_pickaxe":34,"minecraft:baked_potato":12,"minecraft:wooden_pickaxe":15,"minecraft:leather_chestplate":1,"minecraft:crafting_table":8,"minecraft:mushroom_stew":1,"minecraft:white_bed":1,"minecraft:diamond_pickaxe":48,"iceandfire:armor_copper_metal_chestplate":1,"minecraft:bread":14,"minecraft:string":1,"minecraft:iron_pickaxe":114,"minecraft:potion":2,"minecraft:cooked_porkchop":1,"minecraft:bucket":8,"minecraft:cobweb":2},"minecraft:picked_up":{"minecraft:wooden_axe":2,"minecraft:crafting_table":8,"minecraft:iron_chestplate":1,"minecraft:wheat":7,"minecraft:chainmail_boots":1,"minecraft:anvil":1,"minecraft:wooden_pickaxe":2,"friendsandfoes:totem_of_illusion":1,"minecraft:potion":1,"minecraft:stone_brick_stairs":2,"minecraft:brewing_stand":1,"minecraft:string":45,"minecraft:raw_copper":69,"minecraft:red_nether_bricks":1,"minecraft:blackstone":1,"minecraft:cobbled_deepslate":22,"minecraft:spruce_planks":2,"minecraft:iron_pickaxe":2,"minecraft:furnace":5,"minecraft:golden_helmet":1,"minecraft:beehive":1,"minecraft:raw_iron":8,"apotheosis:gem":5,"minecraft:copper_ingot":4,"minecraft:torch":2,"minecraft:bowl":1,"minecraft:acacia_log":2,"minecraft:porkchop":7,"minecraft:golden_axe":1,"minecraft:diorite":1,"minecraft:brown_carpet":7,"galosphere:pink_salt":1,"minecraft:quartz_block":4,"minecraft:arrow":25,"minecraft:diamond_chestplate":1,"minecraft:light_gray_bed":1,"minecraft:rotten_flesh":13,"minecraft:nether_bricks":4,"minecraft:hay_block":1,"minecraft:iron_bars":18,"minecraft:skeleton_skull":1,"minecraft:cobblestone":59,"born_in_chaos_v1:fused_bone":2,"born_in_chaos_v1:corpse_maggot":2,"minecraft:leather_chestplate":1,"minecraft:golden_carrot":2,"born_in_chaos_v1:spiritual_dust":1,"paraglider:spirit_orb":64,"minecraft:chainmail_chestplate":1,"minecraft:dirt":22,"minecraft:spawner":2,"minecraft:bone":44,"minecraft:bow":1,"minecraft:wheat_seeds":34,"born_in_chaos_v1:smoked_flesh":4,"minecraft:iron_ingot":1,"minecraft:stone_pickaxe":4,"minecraft:glass_bottle":2,"twigs:twig":9,"minecraft:oak_planks":2,"minecraft:pumpkin":7,"patchouli:guide_book":2,"minecraft:spruce_sapling":1,"minecraft:white_bed":1,"minecraft:spruce_log":29,"illagerinvasion:illusionary_dust":1,"minecraft:trapped_chest":1,"minecraft:spider_eye":10,"alexsmobs:animal_dictionary":2,"minecraft:diamond":3,"minecraft:spruce_boat":1,"minecraft:chainmail_leggings":1,"minecraft:chainmail_helmet":1,"minecraft:emerald":2,"minecraft:coal":12,"minecraft:andesite_slab":4},"minecraft:broken":{"morevanillaarmor:copper_boots":1},"minecraft:custom":{"minecraft:mob_kills":96,"minecraft:interact_with_crafting_table":35,"minecraft:open_barrel":36,"minecraft:damage_dealt_resisted":1085,"minecraft:time_since_death":80520,"minecraft:climb_one_cm":1046,"minecraft:damage_resisted":0,"minecraft:sprint_one_cm":288649,"minecraft:walk_one_cm":180138,"minecraft:damage_blocked_by_shield":3113,"minecraft:drop":95,"minecraft:talked_to_villager":1,"minecraft:play_time":98940,"minecraft:sneak_time":3680,"minecraft:deaths":1,"minecraft:walk_under_water_one_cm":6707,"minecraft:jump":1501,"minecraft:walk_on_water_one_cm":17468,"minecraft:total_world_time":98940,"minecraft:interact_with_furnace":31,"spartanshields:shield_bash_hits":2,"minecraft:time_since_rest":80550,"minecraft:damage_taken":1565,"minecraft:damage_absorbed":2167,"minecraft:trigger_trapped_chest":1,"minecraft:damage_dealt":14467,"minecraft:fly_one_cm":254378,"minecraft:swim_one_cm":23597,"minecraft:open_chest":89,"minecraft:crouch_one_cm":12152,"minecraft:fall_one_cm":25126},"minecraft:killed_by":{"born_in_chaos_v1:siamese_skeletons":1},"minecraft:mined":{"minecraft:spruce_planks":2,"minecraft:white_bed":1,"minecraft:mossy_cobblestone":1,"minecraft:deepslate_diamond_ore":1,"minecraft:red_nether_bricks":1,"minecraft:brewing_stand":1,"minecraft:nether_bricks":12,"minecraft:grass_block":2,"minecraft:light_gray_bed":1,"twigs:twig":1,"minecraft:spruce_leaves":1,"minecraft:spawner":39,"minecraft:hay_block":1,"galosphere:pink_salt":1,"minecraft:furnace":4,"minecraft:mossy_cobblestone_stairs":1,"minecraft:iron_ore":8,"minecraft:fire":1,"minecraft:anvil":1,"minecraft:nether_brick_stairs":4,"minecraft:mossy_stone_brick_stairs":1,"minecraft:vine":1,"minecraft:iron_bars":17,"minecraft:stone":60,"minecraft:polished_granite_stairs":1,"minecraft:tripwire":1,"minecraft:redstone_block":1,"minecraft:quartz_block":5,"minecraft:soul_sand":2,"minecraft:brown_carpet":7,"minecraft:crafting_table":7,"minecraft:chest":1,"minecraft:cobblestone":1,"minecraft:copper_ore":10,"minecraft:tall_grass":6,"minecraft:wall_torch":1,"minecraft:diorite":1,"supplementaries:urn":2,"minecraft:beehive":1,"minecraft:spruce_log":26,"minecraft:stone_brick_stairs":3,"minecraft:grass":3,"minecraft:coal_ore":4,"minecraft:gravel":1,"minecraft:dirt":2,"minecraft:cobweb":12,"minecraft:cracked_stone_bricks":1,"minecraft:stone_bricks":2,"minecraft:mossy_stone_bricks":1,"minecraft:fern":1},"minecraft:dropped":{"minecraft:bread":8,"minecraft:porkchop":3,"minecraft:wheat_seeds":34,"minecraft:golden_helmet":1,"minecraft:glass_bottle":3,"minecraft:crafting_table":2,"minecraft:cooked_porkchop":1,"minecraft:golden_axe":1,"minecraft:cobblestone":1,"minecraft:chainmail_helmet":1,"irons_spellbooks:scroll":3,"minecraft:torch":1,"minecraft:wooden_axe":2,"born_in_chaos_v1:fused_bone":2,"irons_spellbooks:arcane_essence":1,"irons_spellbooks:common_ink":2,"minecraft:iron_axe":2,"minecraft:iron_pickaxe":3,"minecraft:chainmail_leggings":2,"minecraft:string":12,"minecraft:trapped_chest":1,"twigs:twig":3,"minecraft:spruce_sapling":1,"minecraft:blackstone":1,"alexsmobs:animal_dictionary":3,"minecraft:cobbled_deepslate":22,"minecraft:stone_sword":1,"minecraft:blaze_rod":3,"minecraft:bowl":2,"morevanillaarmor:copper_boots":1,"minecraft:andesite_slab":2,"irons_spellbooks:uncommon_ink":2,"minecraft:rotten_flesh":3,"born_in_chaos_v1:smoked_flesh":8,"minecraft:oak_planks":1,"minecraft:iron_boots":1,"minecraft:beehive":1,"patchouli:guide_book":5,"minecraft:chainmail_chestplate":1,"minecraft:leather_chestplate":2,"minecraft:shield":2,"minecraft:quartz_block":4,"born_in_chaos_v1:corpse_maggot":1,"minecraft:chainmail_boots":1,"apotheosis:gem":4,"minecraft:spider_eye":8,"minecraft:brown_carpet":7,"minecraft:iron_bars":10,"minecraft:wooden_pickaxe":2,"minecraft:stone_pickaxe":5,"minecraft:stone_brick_stairs":1,"minecraft:spawner":2}},"DataVersion":3465}