{"stats":{"minecraft:used":{"minecraft:stone_sword":80,"minecraft:spruce_planks":6,"minecraft:shield":13,"minecraft:torch":5,"minecraft:dirt":22,"minecraft:spruce_boat":1,"minecraft:iron_axe":52,"morevanillaarmor:copper_boots":1,"minecraft:bow":2,"minecraft:furnace":4,"minecraft:acacia_boat":1,"minecraft:stone_pickaxe":34,"minecraft:wooden_pickaxe":15,"minecraft:crafting_table":7,"minecraft:white_bed":1,"iceandfire:armor_copper_metal_chestplate":1,"minecraft:bread":9,"minecraft:string":1,"minecraft:iron_pickaxe":62,"minecraft:potion":2,"minecraft:cooked_porkchop":1,"minecraft:bucket":1,"minecraft:cobweb":2},"minecraft:killed_by":{"born_in_chaos_v1:siamese_skeletons":1},"minecraft:mined":{"minecraft:white_bed":1,"minecraft:brewing_stand":1,"minecraft:grass_block":2,"minecraft:light_gray_bed":1,"twigs:twig":1,"minecraft:spruce_leaves":1,"minecraft:spawner":3,"minecraft:hay_block":1,"minecraft:furnace":4,"minecraft:iron_ore":8,"minecraft:iron_bars":2,"minecraft:stone":58,"minecraft:tripwire":1,"minecraft:brown_carpet":7,"minecraft:crafting_table":6,"minecraft:chest":1,"minecraft:cobblestone":1,"minecraft:copper_ore":10,"minecraft:tall_grass":5,"minecraft:diorite":1,"minecraft:beehive":1,"minecraft:spruce_log":26,"minecraft:stone_brick_stairs":2,"minecraft:grass":3,"minecraft:coal_ore":1,"minecraft:dirt":2,"minecraft:cobweb":12,"minecraft:fern":1},"minecraft:dropped":{"minecraft:bread":8,"minecraft:wheat_seeds":34,"minecraft:glass_bottle":3,"minecraft:cooked_porkchop":1,"minecraft:chainmail_helmet":1,"irons_spellbooks:scroll":3,"minecraft:wooden_axe":2,"irons_spellbooks:arcane_essence":1,"irons_spellbooks:common_ink":2,"minecraft:iron_axe":2,"minecraft:iron_pickaxe":1,"minecraft:chainmail_leggings":1,"minecraft:string":12,"twigs:twig":2,"minecraft:spruce_sapling":1,"minecraft:blaze_rod":3,"alexsmobs:animal_dictionary":3,"morevanillaarmor:copper_boots":1,"minecraft:andesite_slab":2,"irons_spellbooks:uncommon_ink":2,"born_in_chaos_v1:smoked_flesh":8,"minecraft:beehive":1,"patchouli:guide_book":5,"minecraft:shield":1,"apotheosis:gem":1,"minecraft:spider_eye":2,"minecraft:brown_carpet":7,"minecraft:iron_bars":4,"minecraft:stone_pickaxe":5,"minecraft:wooden_pickaxe":2,"minecraft:stone_brick_stairs":1},"minecraft:picked_up":{"minecraft:wooden_axe":2,"minecraft:crafting_table":6,"minecraft:wheat":7,"minecraft:wooden_pickaxe":2,"friendsandfoes:totem_of_illusion":1,"minecraft:potion":1,"minecraft:stone_brick_stairs":2,"minecraft:brewing_stand":1,"minecraft:string":35,"minecraft:raw_copper":69,"minecraft:furnace":4,"minecraft:raw_iron":8,"minecraft:beehive":1,"apotheosis:gem":1,"minecraft:copper_ingot":4,"minecraft:acacia_log":2,"minecraft:porkchop":7,"minecraft:diorite":1,"minecraft:brown_carpet":7,"minecraft:arrow":4,"minecraft:light_gray_bed":1,"minecraft:rotten_flesh":10,"minecraft:hay_block":1,"minecraft:iron_bars":4,"minecraft:cobblestone":58,"born_in_chaos_v1:corpse_maggot":1,"minecraft:golden_carrot":2,"paraglider:spirit_orb":6,"minecraft:dirt":22,"minecraft:bone":8,"minecraft:wheat_seeds":34,"born_in_chaos_v1:smoked_flesh":4,"minecraft:stone_pickaxe":4,"minecraft:glass_bottle":2,"twigs:twig":8,"minecraft:oak_planks":1,"minecraft:pumpkin":7,"patchouli:guide_book":2,"minecraft:spruce_sapling":1,"minecraft:white_bed":1,"minecraft:spruce_log":29,"illagerinvasion:illusionary_dust":1,"minecraft:spider_eye":2,"alexsmobs:animal_dictionary":2,"minecraft:spruce_boat":1,"minecraft:emerald":2,"minecraft:chainmail_helmet":1,"minecraft:coal":9,"minecraft:andesite_slab":4},"minecraft:crafted":{"minecraft:furnace":1,"morevanillaarmor:copper_boots":2,"minecraft:spruce_slab":4,"iceandfire:armor_copper_metal_chestplate":1,"minecraft:stone_pickaxe":1,"minecraft:spruce_boat":1,"minecraft:wheat":1,"minecraft:cooked_porkchop":2,"minecraft:crafting_table":2,"minecraft:spruce_planks":29,"minecraft:wooden_pickaxe":1,"minecraft:copper_ingot":19,"minecraft:bucket":1,"minecraft:bread":24,"minecraft:acacia_boat":1,"minecraft:air":213,"minecraft:white_wool":5,"minecraft:shield":1,"minecraft:stick":10,"minecraft:iron_pickaxe":1,"minecraft:iron_ingot":8,"minecraft:stone_sword":1,"minecraft:white_bed":1,"minecraft:acacia_planks":2,"minecraft:torch":21},"minecraft:killed":{"minecraft:spider":2,"enemyexpansion:direwolf":2,"born_in_chaos_v1:baby_skeleton_minion":1,"born_in_chaos_v1:maggot":2,"minecraft:skeleton":1,"realmrpg_demons:chort":1,"minecraft:illusioner":1,"minecraft:pig":2,"born_in_chaos_v1:decrepit_skeleton":2,"born_in_chaos_v1:door_knight":1},"minecraft:custom":{"minecraft:mob_kills":16,"minecraft:interact_with_crafting_table":33,"minecraft:open_barrel":36,"minecraft:damage_dealt_resisted":1085,"minecraft:time_since_death":45406,"minecraft:climb_one_cm":810,"minecraft:sprint_one_cm":138390,"minecraft:walk_one_cm":92579,"minecraft:damage_blocked_by_shield":690,"minecraft:drop":54,"minecraft:talked_to_villager":1,"minecraft:play_time":63826,"minecraft:sneak_time":2345,"minecraft:deaths":1,"minecraft:walk_under_water_one_cm":4545,"minecraft:jump":884,"minecraft:walk_on_water_one_cm":10530,"minecraft:total_world_time":63826,"minecraft:interact_with_furnace":31,"spartanshields:shield_bash_hits":1,"minecraft:time_since_rest":45436,"minecraft:damage_taken":614,"minecraft:damage_absorbed":68,"minecraft:damage_dealt":3575,"minecraft:swim_one_cm":23409,"minecraft:fly_one_cm":147069,"minecraft:open_chest":17,"minecraft:crouch_one_cm":8373,"minecraft:fall_one_cm":19933}},"DataVersion":3465}