{"stats":{"minecraft:crafted":{"minecraft:oak_planks":2,"usefulslime:slime_sling":2,"minecraft:iron_boots":1,"iceandfire:armor_copper_metal_chestplate":1,"minecraft:smoker":1,"minecraft:cooked_porkchop":2,"minecraft:crafting_table":3,"minecraft:spruce_planks":29,"minecraft:wooden_pickaxe":1,"minecraft:copper_ingot":19,"minecraft:shield":1,"minecraft:stick":11,"born_in_chaos_v1:smoked_flesh":27,"minecraft:iron_ingot":8,"minecraft:iron_pickaxe":1,"minecraft:stone_sword":1,"usefulslime:slime_boots":3,"minecraft:coal":1,"minecraft:furnace":1,"morevanillaarmor:copper_boots":2,"minecraft:spruce_slab":4,"minecraft:slime_ball":2,"minecraft:stone_pickaxe":1,"minecraft:spruce_boat":1,"minecraft:wheat":1,"minecraft:cooked_beef":2,"minecraft:bucket":1,"minecraft:bread":24,"minecraft:acacia_boat":1,"minecraft:air":257,"minecraft:white_wool":5,"minecraft:white_bed":1,"minecraft:acacia_planks":2,"minecraft:torch":66},"minecraft:killed":{"minecraft:cave_spider":2,"born_in_chaos_v1:mr_pumpkin":1,"born_in_chaos_v1:restless_spirit":1,"born_in_chaos_v1:door_knight_not_despawn":1,"minecraft:spider":20,"cataclysm:netherite_monstrosity":1,"born_in_chaos_v1:siamese_skeletonsright":1,"born_in_chaos_v1:baby_skeleton_minion":1,"minecraft:skeleton":30,"realmrpg_demons:chort":3,"minecraft:silverfish":13,"minecraft:illusioner":1,"minecraft:pig":2,"irons_spellbooks:necromancer":1,"minecraft:creeper":2,"minecraft:sheep":1,"minecraft:pillager":1,"minecraft:zombie":18,"minecraft:stray":5,"born_in_chaos_v1:corpse_fly":1,"enemyexpansion:botfly":7,"born_in_chaos_v1:door_knight":2,"born_in_chaos_v1:siamese_skeletonsleft":1,"minecraft:cow":1,"irons_spellbooks:summoned_zombie":4,"minecraft:vindicator":1,"illagerinvasion:marauder":3,"enemyexpansion:direwolf":2,"born_in_chaos_v1:maggot":4,"enemyexpansion:silverqueen":1,"born_in_chaos_v1:corpse_fish":1,"born_in_chaos_v1:baby_skeleton":3,"enemyexpansion:sprinter":2,"born_in_chaos_v1:decrepit_skeleton":7,"enemyexpansion:huntsman":1,"born_in_chaos_v1:dark_vortex":1,"minecraft:wither_skeleton":5},"minecraft:used":{"usefulslime:slime_boots":4,"minecraft:shield":79,"minecraft:iron_sword":59,"endrem:cursed_eye":1,"simplyswords:diamond_sai":92,"minecraft:carrot":2,"endrem:old_eye":1,"minecraft:milk_bucket":1,"minecraft:spruce_boat":1,"cataclysm:infernal_forge":7,"born_in_chaos_v1:smoked_flesh":23,"minecraft:lava_bucket":4,"friendsandfoes:totem_of_illusion":1,"minecraft:quartz_block":1,"minecraft:bow":40,"endrem:wither_eye":1,"endrem:black_eye":1,"minecraft:furnace":6,"minecraft:oak_planks":5,"minecraft:stone_pickaxe":34,"minecraft:leather_chestplate":1,"minecraft:wooden_pickaxe":15,"minecraft:golden_apple":18,"minecraft:mushroom_stew":1,"minecraft:crossbow":15,"endrem:corrupted_eye":1,"unusualend:endstone_golem_spawn_egg":1,"iceandfire:armor_copper_metal_chestplate":1,"minecraft:bread":27,"minecraft:string":1,"minecraft:golden_helmet":3,"minecraft:diamond_sword":59,"minecraft:chainmail_boots":1,"minecraft:coarse_dirt":3,"endrem:nether_eye":1,"minecraft:cobweb":2,"minecraft:stone_sword":80,"minecraft:spruce_planks":60,"endrem:lost_eye":1,"minecraft:torch":111,"endrem:magical_eye":1,"minecraft:dirt":22,"minecraft:anvil":1,"minecraft:chainmail_chestplate":1,"cataclysm:maledictus_spawn_egg":2,"born_in_chaos_v1:supreme_measure":20,"endrem:guardian_eye":1,"minecraft:iron_axe":341,"minecraft:rooted_dirt":1,"morevanillaarmor:copper_boots":1,"minecraft:iron_boots":3,"minecraft:totem_of_undying":1,"minecraft:golden_carrot":2,"unusualend:endstone_tiles":11,"minecraft:stone_pressure_plate":1,"minecraft:cooked_beef":16,"biomeswevegone:orange_daisy":1,"minecraft:light_gray_bed":2,"minecraft:acacia_boat":1,"minecraft:water_bucket":12,"minecraft:baked_potato":12,"minecraft:red_nether_bricks":1,"endrem:cold_eye":1,"unusualend:infused_end_stone_tiles":4,"minecraft:crafting_table":10,"endrem:evil_eye":1,"minecraft:magenta_bed":1,"minecraft:white_bed":1,"minecraft:smoker":2,"endrem:rogue_eye":1,"minecraft:diamond_pickaxe":113,"minecraft:iron_pickaxe":114,"minecraft:spruce_trapdoor":4,"cataclysm:netherite_monstrosity_spawn_egg":1,"minecraft:cobblestone":34,"minecraft:potion":2,"illagerinvasion:platinum_infused_hatchet":1,"travelersbackpack:standard":1,"minecraft:cooked_porkchop":1,"minecraft:bucket":13,"minecraft:end_portal_frame":14,"minecraft:splash_potion":9},"minecraft:picked_up":{"minecraft:wooden_axe":2,"minecraft:iron_chestplate":1,"minecraft:wheat":7,"cataclysm:monstrous_horn":1,"minecraft:chainmail_boots":2,"minecraft:anvil":2,"endrem:corrupted_eye":1,"biomeswevegone:orange_daisy":2,"minecraft:potion":1,"minecraft:enchanted_book":1,"minecraft:stone_brick_stairs":2,"minecraft:brewing_stand":1,"minecraft:string":52,"minecraft:raw_copper":69,"minecraft:red_nether_bricks":1,"minecraft:diamond_leggings":2,"illagerinvasion:platinum_infused_hatchet":1,"irons_spellbooks:arcane_essence":1,"minecraft:cobbled_deepslate":22,"minecraft:spruce_planks":9,"endrem:wither_eye":1,"minecraft:iron_pickaxe":2,"minecraft:coal_block":1,"minecraft:furnace":7,"minecraft:iron_boots":2,"minecraft:golden_helmet":4,"endrem:evil_eye":1,"minecraft:beehive":1,"apotheosis:gem":5,"born_in_chaos_v1:shattered_skull":1,"minecraft:torch":2,"minecraft:acacia_log":2,"minecraft:porkchop":7,"minecraft:golden_axe":1,"minecraft:diorite":1,"minecraft:golden_chestplate":1,"minecraft:brown_carpet":7,"minecraft:orange_bed":1,"minecraft:quartz_block":7,"galosphere:pink_salt":1,"minecraft:light_gray_bed":2,"minecraft:rotten_flesh":43,"alexsmobs:capsid":1,"iceandfire:fire_dragon_heart":3,"endrem:rogue_eye":1,"minecraft:iron_bars":21,"minecraft:cobblestone":61,"minecraft:leather_chestplate":1,"minecraft:lilac":1,"minecraft:cooked_beef":10,"born_in_chaos_v1:spiritual_dust":1,"minecraft:smoker":2,"paraglider:spirit_orb":74,"minecraft:tuff":2,"minecraft:magenta_bed":1,"biomeswevegone:shelf_fungi":4,"minecraft:dirt":38,"minecraft:bone":65,"minecraft:bow":2,"cataclysm:cursium_ingot":4,"minecraft:wheat_seeds":39,"minecraft:diamond_helmet":2,"twigs:twig":9,"minecraft:oak_planks":5,"endrem:guardian_eye":1,"endrem:lost_eye":1,"irons_spellbooks:frozen_bone":9,"patchouli:guide_book":2,"biomeswevegone:holly_log":1,"alexsmobs:animal_dictionary":2,"simplyswords:iron_greathammer":1,"minecraft:trapped_chest":1,"galosphere:silver_nugget":2,"minecraft:diamond":3,"minecraft:slime_block":2,"minecraft:spruce_boat":1,"minecraft:crossbow":2,"minecraft:bread":31,"minecraft:emerald":5,"minecraft:chainmail_helmet":1,"minecraft:rooted_dirt":3,"born_in_chaos_v1:rotten_fish":2,"minecraft:andesite_slab":4,"endrem:magical_eye":1,"minecraft:coarse_dirt":1,"minecraft:crafting_table":9,"biomeswevegone:leaf_pile":1,"friendsandfoes:totem_of_illusion":1,"minecraft:wooden_pickaxe":2,"minecraft:shield":1,"minecraft:iron_axe":1,"minecraft:item_frame":1,"minecraft:blackstone":1,"minecraft:cracked_stone_bricks":1,"minecraft:beef":2,"minecraft:spruce_trapdoor":4,"minecraft:raw_iron":8,"iceandfire:dragonbone":1,"iceandfire:dragonscales_gray":12,"biomeswevegone:blue_rose_bush":2,"minecraft:copper_ingot":4,"minecraft:bowl":1,"endrem:nether_eye":1,"born_in_chaos_v1:pieceofdarkmetal":2,"minecraft:stone_pressure_plate":1,"minecraft:tnt":1,"minecraft:diamond_chestplate":3,"minecraft:arrow":45,"minecraft:nether_bricks":7,"minecraft:diamond_boots":2,"minecraft:hay_block":1,"minecraft:pink_tulip":1,"minecraft:totem_of_undying":1,"minecraft:mutton":2,"minecraft:white_wool":1,"minecraft:skeleton_skull":3,"born_in_chaos_v1:fused_bone":2,"endrem:cursed_eye":1,"born_in_chaos_v1:corpse_maggot":5,"minecraft:golden_carrot":2,"minecraft:leather":4,"minecraft:oak_log":2,"minecraft:chainmail_chestplate":4,"minecraft:white_banner":1,"minecraft:spawner":2,"cataclysm:infernal_forge":1,"minecraft:stone_bricks":6,"minecraft:iron_ingot":3,"born_in_chaos_v1:smoked_flesh":4,"minecraft:stone_pickaxe":4,"endrem:cold_eye":1,"minecraft:glass_bottle":2,"minecraft:book":21,"endrem:old_eye":1,"endrem:black_eye":1,"minecraft:pumpkin":7,"iceandfire:ash":3,"born_in_chaos_v1:ethereal_spirit":2,"born_in_chaos_v1:dark_rod":2,"minecraft:spruce_sapling":2,"minecraft:white_bed":1,"minecraft:spruce_log":33,"minecraft:spider_eye":11,"illagerinvasion:illusionary_dust":1,"biomeswevegone:aspen_log":1,"minecraft:diamond_shovel":1,"minecraft:slime_ball":2,"minecraft:chainmail_leggings":1,"minecraft:stripped_dark_oak_log":1,"minecraft:coal":26},"minecraft:broken":{"usefulslime:slime_boots":1,"minecraft:iron_helmet":1,"morevanillaarmor:copper_boots":1},"minecraft:custom":{"minecraft:interact_with_crafting_table":40,"minecraft:open_barrel":49,"minecraft:bell_ring":4,"minecraft:time_since_death":22761,"minecraft:damage_resisted":0,"minecraft:sprint_one_cm":671935,"minecraft:damage_blocked_by_shield":6725,"minecraft:drop":174,"minecraft:talked_to_villager":1,"minecraft:play_time":218940,"minecraft:deaths":9,"minecraft:jump":4105,"minecraft:interact_with_brewingstand":1,"minecraft:walk_on_water_one_cm":23065,"minecraft:interact_with_furnace":33,"minecraft:sleep_in_bed":2,"minecraft:waystone_activated":1,"minecraft:open_enderchest":1,"minecraft:damage_dealt":31808,"minecraft:crouch_one_cm":17994,"minecraft:interact_with_smoker":17,"minecraft:mob_kills":162,"minecraft:interact_with_anvil":1,"minecraft:damage_dealt_resisted":1198,"minecraft:climb_one_cm":7826,"minecraft:walk_one_cm":360622,"minecraft:sneak_time":6324,"minecraft:walk_under_water_one_cm":9149,"minecraft:interact_with_lectern":2,"minecraft:total_world_time":218940,"spartanshields:shield_bash_hits":4,"minecraft:time_since_rest":22801,"minecraft:damage_taken":8041,"minecraft:damage_absorbed":4992,"minecraft:trigger_trapped_chest":5,"minecraft:swim_one_cm":54609,"minecraft:fly_one_cm":1664841,"minecraft:open_chest":159,"minecraft:fall_one_cm":61781},"minecraft:killed_by":{"born_in_chaos_v1:siamese_skeletons":1,"cataclysm:maledictus":2,"enemyexpansion:invisicreeper":1,"cataclysm:netherite_monstrosity":3,"irons_spellbooks:archevoker":2},"minecraft:dropped":{"minecraft:porkchop":3,"minecraft:cooked_beef":9,"minecraft:glass_bottle":3,"minecraft:crafting_table":2,"usefulslime:slime_sling":1,"minecraft:cooked_porkchop":1,"minecraft:rooted_dirt":2,"minecraft:cracked_stone_bricks":1,"usefulslime:slime_boots":1,"irons_spellbooks:arcane_essence":2,"iceandfire:ash":3,"minecraft:iron_pickaxe":3,"endrem:wither_eye":1,"twigs:twig":3,"minecraft:blackstone":1,"minecraft:golden_chestplate":2,"minecraft:cobbled_deepslate":22,"alexsmobs:animal_dictionary":3,"biomeswevegone:blue_rose_bush":1,"morevanillaarmor:copper_boots":1,"minecraft:andesite_slab":2,"endrem:rogue_eye":1,"born_in_chaos_v1:ethereal_spirit":2,"endrem:old_eye":1,"minecraft:rotten_flesh":3,"born_in_chaos_v1:smoked_flesh":8,"minecraft:oak_planks":1,"minecraft:diamond_shovel":1,"minecraft:beehive":1,"endrem:evil_eye":1,"patchouli:guide_book":5,"minecraft:chainmail_chestplate":3,"minecraft:leather_chestplate":2,"minecraft:skeleton_skull":1,"minecraft:quartz_block":4,"born_in_chaos_v1:corpse_maggot":4,"apotheosis:gem":4,"minecraft:chainmail_boots":2,"endrem:nether_eye":1,"minecraft:iron_bars":11,"minecraft:stone_brick_stairs":1,"biomeswevegone:shelf_fungi":4,"endrem:black_eye":1,"minecraft:spawner":2,"minecraft:enchanted_book":1,"minecraft:bread":8,"minecraft:wheat_seeds":36,"minecraft:golden_helmet":5,"minecraft:lilac":1,"minecraft:tnt":1,"endrem:guardian_eye":1,"minecraft:diamond_leggings":1,"minecraft:golden_axe":1,"minecraft:cobblestone":1,"endrem:lost_eye":1,"minecraft:chainmail_helmet":1,"minecraft:golden_apple":1,"irons_spellbooks:scroll":3,"minecraft:milk_bucket":1,"minecraft:torch":1,"endrem:corrupted_eye":1,"minecraft:wooden_axe":2,"born_in_chaos_v1:fused_bone":2,"minecraft:diamond_helmet":1,"irons_spellbooks:common_ink":2,"minecraft:iron_axe":2,"minecraft:chainmail_leggings":2,"minecraft:string":12,"minecraft:trapped_chest":1,"minecraft:spruce_sapling":2,"minecraft:pink_tulip":1,"iceandfire:dragonscales_gray":12,"minecraft:blaze_rod":3,"minecraft:stone_sword":1,"minecraft:bowl":2,"minecraft:tuff":2,"irons_spellbooks:uncommon_ink":2,"born_in_chaos_v1:rotten_fish":2,"minecraft:iron_boots":3,"minecraft:slime_block":4,"minecraft:shield":4,"minecraft:diamond_chestplate":2,"endrem:magical_eye":1,"endrem:cold_eye":1,"biomeswevegone:orange_daisy":1,"endrem:cursed_eye":1,"minecraft:spider_eye":9,"minecraft:stone_bricks":1,"minecraft:brown_carpet":7,"minecraft:diamond_boots":1,"minecraft:slime_ball":13,"minecraft:bow":1,"iceandfire:fire_dragon_heart":3,"minecraft:stone_pickaxe":5,"minecraft:wooden_pickaxe":2,"simplyswords:iron_greathammer":1},"minecraft:mined":{"minecraft:spruce_planks":6,"minecraft:stone_pressure_plate":1,"minecraft:white_bed":1,"minecraft:red_nether_bricks":1,"minecraft:brewing_stand":1,"minecraft:spruce_trapdoor":4,"minecraft:grass_block":2,"minecraft:light_gray_bed":2,"twigs:twig":1,"minecraft:coal_block":1,"minecraft:chiseled_stone_bricks":2,"minecraft:spawner":50,"galosphere:pink_salt":1,"minecraft:mossy_cobblestone_stairs":2,"minecraft:iron_ore":8,"minecraft:fire":1,"minecraft:anvil":2,"minecraft:nether_brick_stairs":4,"biomeswevegone:orange_daisy":1,"minecraft:iron_bars":27,"minecraft:polished_granite_stairs":1,"minecraft:tripwire":1,"minecraft:orange_bed":1,"minecraft:quartz_block":5,"minecraft:smoker":2,"biomeswevegone:peat":1,"minecraft:chest":1,"minecraft:cobblestone":2,"minecraft:oak_planks":3,"minecraft:iron_door":1,"minecraft:wall_torch":1,"minecraft:magenta_bed":1,"minecraft:tnt":1,"minecraft:stone_brick_stairs":3,"minecraft:grass":17,"minecraft:dirt":2,"minecraft:tuff":2,"minecraft:mossy_cobblestone":2,"minecraft:deepslate_diamond_ore":1,"minecraft:nether_bricks":15,"minecraft:spruce_leaves":1,"minecraft:rooted_dirt":1,"minecraft:large_fern":2,"minecraft:hay_block":1,"minecraft:furnace":6,"minecraft:mossy_stone_brick_stairs":1,"minecraft:bookshelf":7,"minecraft:vine":6,"minecraft:stone":61,"minecraft:redstone_block":1,"minecraft:soul_sand":2,"minecraft:brown_carpet":7,"minecraft:crafting_table":8,"minecraft:tall_grass":6,"minecraft:copper_ore":10,"minecraft:deepslate_coal_ore":6,"minecraft:diorite":1,"supplementaries:urn":3,"biomeswevegone:blue_rose_bush":3,"minecraft:beehive":1,"minecraft:spruce_log":30,"minecraft:coal_ore":5,"minecraft:gravel":1,"minecraft:cobweb":12,"minecraft:cracked_stone_bricks":2,"minecraft:stone_bricks":6,"minecraft:mossy_stone_bricks":3,"minecraft:fern":3}},"DataVersion":3465}